endpoint,idSetor
/nivel_estoque,1
/nivel_estoque,2
/nivel_estoque,3
/nivel_estoque,4
/nivel_estoque,5
/nivel_estoque,6
/nivel_estoque,7
/nivel_estoque,8
/nivel_estoque,9
/nivel_estoque,10
/nivel_estoque,11
/nivel_estoque,12
/nivel_estoque,13
/nivel_estoque,14
/nivel_estoque,15
/nivel_estoque,16
/nivel_estoque,17
/nivel_estoque,18
/nivel_estoque,19
/nivel_estoque,20
/nivel_estoque,21
/nivel_estoque,22
/nivel_estoque,23
/nivel_estoque,24
/nivel_estoque,25
/nivel_estoque,26
/nivel_estoque,27
/nivel_estoque,28
/nivel_estoque,29
/nivel_estoque,30
/nivel_estoque,31
/nivel_estoque,32
/nivel_estoque,33
/nivel_estoque,34
/nivel_estoque,35
/nivel_estoque,36
/nivel_estoque,37
/nivel_estoque,38
/nivel_estoque,39
/nivel_estoque,40
/nivel_estoque,41
/nivel_estoque,42
/nivel_estoque,43
/nivel_estoque,44
/nivel_estoque,45
/nivel_estoque,46
/nivel_estoque,47
/nivel_estoque,48
/nivel_estoque,49
/nivel_estoque,50
/nivel_estoque,51
/nivel_estoque,52
/nivel_estoque,53
/nivel_estoque,54
/nivel_estoque,55
/nivel_estoque,56
/nivel_estoque,57
/nivel_estoque,58
/nivel_estoque,59
/nivel_estoque,60
/nivel_estoque,61
/nivel_estoque,62
/nivel_estoque,63
/nivel_estoque,64
/nivel_estoque,65
/nivel_estoque,66
/nivel_estoque,67
/nivel_estoque,68
/nivel_estoque,69
/nivel_estoque,70
/nivel_estoque,71
/nivel_estoque,72
/nivel_estoque,73
/nivel_estoque,74
/nivel_estoque,75
/nivel_estoque,76
/nivel_estoque,77
/nivel_estoque,78
/nivel_estoque,79
/nivel_estoque,80
/nivel_estoque,81
/nivel_estoque,82
/nivel_estoque,83
/nivel_estoque,84
/nivel_estoque,85
/nivel_estoque,86
/nivel_estoque,87
/nivel_estoque,88
/nivel_estoque,89
/nivel_estoque,90
/nivel_estoque,91
/nivel_estoque,92
/nivel_estoque,93
/nivel_estoque,94
/nivel_estoque,95
/nivel_estoque,96
/nivel_estoque,97
/nivel_estoque,98
/nivel_estoque,99
/nivel_estoque,100
/nivel_estoque,101
/nivel_estoque,102
/nivel_estoque,103
/nivel_estoque,104
/nivel_estoque,105
/nivel_estoque,106
/nivel_estoque,107
/nivel_estoque,108
/nivel_estoque,109
/nivel_estoque,110
/nivel_estoque,111
/nivel_estoque,112
/nivel_estoque,113
/nivel_estoque,114
/nivel_estoque,115
/nivel_estoque,116
/nivel_estoque,117
/nivel_estoque,118
/nivel_estoque,119
/nivel_estoque,120
/nivel_estoque,121
/nivel_estoque,122
/nivel_estoque,123
/nivel_estoque,124
/nivel_estoque,125
/nivel_estoque,126
/nivel_estoque,127
/nivel_estoque,128
/nivel_estoque,129
/nivel_estoque,130
/nivel_estoque,131
/nivel_estoque,132
/nivel_estoque,133
/nivel_estoque,134
/nivel_estoque,135
/nivel_estoque,136
/nivel_estoque,137
/nivel_estoque,138
/nivel_estoque,139
/nivel_estoque,140
/nivel_estoque,141
/nivel_estoque,142
/nivel_estoque,143
/nivel_estoque,144
/nivel_estoque,145
/nivel_estoque,146
/nivel_estoque,147
/nivel_estoque,148
/nivel_estoque,149
/nivel_estoque,150
/nivel_estoque,151
/nivel_estoque,152
/nivel_estoque,153
/nivel_estoque,154
/nivel_estoque,155
/nivel_estoque,156
/nivel_estoque,157
/nivel_estoque,158
/nivel_estoque,159
/nivel_estoque,160
/nivel_estoque,161
/nivel_estoque,162
/nivel_estoque,163
/nivel_estoque,164
/nivel_estoque,165
/nivel_estoque,166
/nivel_estoque,167
/nivel_estoque,168
/nivel_estoque,169
/nivel_estoque,170
/nivel_estoque,171
/nivel_estoque,172
/nivel_estoque,173
/nivel_estoque,174
/nivel_estoque,175
/nivel_estoque,176
/nivel_estoque,177
/nivel_estoque,178
/nivel_estoque,179
/nivel_estoque,180
/nivel_estoque,181
/nivel_estoque,182
/nivel_estoque,183
/nivel_estoque,184
/nivel_estoque,185
/nivel_estoque,186
/nivel_estoque,187
/nivel_estoque,188
/nivel_estoque,189
/nivel_estoque,190
/nivel_estoque,191
/nivel_estoque,192
/nivel_estoque,193
/nivel_estoque,194
/nivel_estoque,195
/nivel_estoque,196
/nivel_estoque,197
/nivel_estoque,198
/nivel_estoque,199
/nivel_estoque,200
/nivel_estoque,201
/nivel_estoque,202
/nivel_estoque,203
/nivel_estoque,204
/nivel_estoque,205
/nivel_estoque,206
/nivel_estoque,207
/nivel_estoque,208
/nivel_estoque,209
/nivel_estoque,210
/nivel_estoque,211
/nivel_estoque,212
/nivel_estoque,213
/nivel_estoque,214
/nivel_estoque,215
/nivel_estoque,216
/nivel_estoque,217
/nivel_estoque,218
/nivel_estoque,219
/nivel_estoque,220
/nivel_estoque,221
/nivel_estoque,222
/nivel_estoque,223
/nivel_estoque,224
/nivel_estoque,225
/nivel_estoque,226
/nivel_estoque,227
/nivel_estoque,228
/nivel_estoque,229
/nivel_estoque,230
/nivel_estoque,231
/nivel_estoque,232
/nivel_estoque,233
/nivel_estoque,234
/nivel_estoque,235
/nivel_estoque,236
/nivel_estoque,237
/nivel_estoque,238
/nivel_estoque,239
/nivel_estoque,240
/nivel_estoque,241
/nivel_estoque,242
/nivel_estoque,243
/nivel_estoque,244
/nivel_estoque,245
/nivel_estoque,246
/nivel_estoque,247
/nivel_estoque,248
/nivel_estoque,249
/nivel_estoque,250
/nivel_estoque,251
/nivel_estoque,252
/nivel_estoque,253
/nivel_estoque,254
/nivel_estoque,255
/nivel_estoque,256
/nivel_estoque,257
/nivel_estoque,258
/nivel_estoque,259
/nivel_estoque,260
/nivel_estoque,261
/nivel_estoque,262
/nivel_estoque,263
/nivel_estoque,264
/nivel_estoque,265
/nivel_estoque,266
/nivel_estoque,267
/nivel_estoque,268
/nivel_estoque,269
/nivel_estoque,270
/nivel_estoque,271
/nivel_estoque,272
/nivel_estoque,273
/nivel_estoque,274
/nivel_estoque,275
/nivel_estoque,276
/nivel_estoque,277
/nivel_estoque,278
/nivel_estoque,279
/nivel_estoque,280
/nivel_estoque,281
/nivel_estoque,282
/nivel_estoque,283
/nivel_estoque,284
/nivel_estoque,285
/nivel_estoque,286
/nivel_estoque,287
/nivel_estoque,288
/nivel_estoque,289
/nivel_estoque,290
/nivel_estoque,291
/nivel_estoque,292
/nivel_estoque,293
/nivel_estoque,294
/nivel_estoque,295
/nivel_estoque,296
/nivel_estoque,297
/nivel_estoque,298
/nivel_estoque,299
/nivel_estoque,300
/nivel_estoque,301
/nivel_estoque,302
/nivel_estoque,303
/nivel_estoque,304
/nivel_estoque,305
/nivel_estoque,306
/nivel_estoque,307
/nivel_estoque,308
/nivel_estoque,309
/nivel_estoque,310
/nivel_estoque,311
/nivel_estoque,312
/nivel_estoque,313
/nivel_estoque,314
/nivel_estoque,315
/nivel_estoque,316
/nivel_estoque,317
/nivel_estoque,318
/nivel_estoque,319
/nivel_estoque,320
/nivel_estoque,321
/nivel_estoque,322
/nivel_estoque,323
/nivel_estoque,324
/nivel_estoque,325
/nivel_estoque,326
/nivel_estoque,327
/nivel_estoque,328
/nivel_estoque,329
/nivel_estoque,330
/nivel_estoque,331
/nivel_estoque,332
/nivel_estoque,333
/nivel_estoque,334
/nivel_estoque,335
/nivel_estoque,336
/nivel_estoque,337
/nivel_estoque,338
/nivel_estoque,339
/nivel_estoque,340
/nivel_estoque,341
/nivel_estoque,342
/nivel_estoque,343
/nivel_estoque,344
/nivel_estoque,345
/nivel_estoque,346
/nivel_estoque,347
/nivel_estoque,348
/nivel_estoque,349
/nivel_estoque,350
/nivel_estoque,351
/nivel_estoque,352
/nivel_estoque,353
/nivel_estoque,354
/nivel_estoque,355
/nivel_estoque,356
/nivel_estoque,357
/nivel_estoque,358
/nivel_estoque,359
/nivel_estoque,360
/nivel_estoque,361
/nivel_estoque,362
/nivel_estoque,363
/nivel_estoque,364
/nivel_estoque,365
/nivel_estoque,366
/nivel_estoque,367
/nivel_estoque,368
/nivel_estoque,369
/nivel_estoque,370
/nivel_estoque,371
/nivel_estoque,372
/nivel_estoque,373
/nivel_estoque,374
/nivel_estoque,375
/nivel_estoque,376
/nivel_estoque,377
/nivel_estoque,378
/nivel_estoque,379
/nivel_estoque,380
/nivel_estoque,381
/nivel_estoque,382
/nivel_estoque,383
/nivel_estoque,384
/nivel_estoque,385
/nivel_estoque,386
/nivel_estoque,387
/nivel_estoque,388
/nivel_estoque,389
/nivel_estoque,390
/nivel_estoque,391
/nivel_estoque,392
/nivel_estoque,393
/nivel_estoque,394
/nivel_estoque,395
/nivel_estoque,396
/nivel_estoque,397
/nivel_estoque,398
/nivel_estoque,399
/nivel_estoque,400
/nivel_estoque,401
/nivel_estoque,402
/nivel_estoque,403
/nivel_estoque,404
/nivel_estoque,405
/nivel_estoque,406
/nivel_estoque,407
/nivel_estoque,408
/nivel_estoque,409
/nivel_estoque,410
/nivel_estoque,411
/nivel_estoque,412
/nivel_estoque,413
/nivel_estoque,414
/nivel_estoque,415
/nivel_estoque,416
/nivel_estoque,417
/nivel_estoque,418
/nivel_estoque,419
/nivel_estoque,420
/nivel_estoque,421
/nivel_estoque,422
/nivel_estoque,423
/nivel_estoque,424
/nivel_estoque,425
/nivel_estoque,426
/nivel_estoque,427
/nivel_estoque,428
/nivel_estoque,429
/nivel_estoque,430
/nivel_estoque,431
/nivel_estoque,432
/nivel_estoque,433
/nivel_estoque,434
/nivel_estoque,435
/nivel_estoque,436
/nivel_estoque,437
/nivel_estoque,438
/nivel_estoque,439
/nivel_estoque,440
/nivel_estoque,441
/nivel_estoque,442
/nivel_estoque,443
/nivel_estoque,444
/nivel_estoque,445
/nivel_estoque,446
/nivel_estoque,447
/nivel_estoque,448
/nivel_estoque,449
/nivel_estoque,450
/nivel_estoque,451
/nivel_estoque,452
/nivel_estoque,453
/nivel_estoque,454
/nivel_estoque,455
/nivel_estoque,456
/nivel_estoque,457
/nivel_estoque,458
/nivel_estoque,459
/nivel_estoque,460
/nivel_estoque,461
/nivel_estoque,462
/nivel_estoque,463
/nivel_estoque,464
/nivel_estoque,465
/nivel_estoque,466
/nivel_estoque,467
/nivel_estoque,468
/nivel_estoque,469
/nivel_estoque,470
/nivel_estoque,471
/nivel_estoque,472
/nivel_estoque,473
/nivel_estoque,474
/nivel_estoque,475
/nivel_estoque,476
/nivel_estoque,477
/nivel_estoque,478
/nivel_estoque,479
/nivel_estoque,480
/nivel_estoque,481
/nivel_estoque,482
/nivel_estoque,483
/nivel_estoque,484
/nivel_estoque,485
/nivel_estoque,486
/nivel_estoque,487
/nivel_estoque,488
/nivel_estoque,489
/nivel_estoque,490
/nivel_estoque,491
/nivel_estoque,492
/nivel_estoque,493
/nivel_estoque,494
/nivel_estoque,495
/nivel_estoque,496
/nivel_estoque,497
/nivel_estoque,498
/nivel_estoque,499
/nivel_estoque,500
/nivel_estoque,501
/nivel_estoque,502
/nivel_estoque,503
/nivel_estoque,504
/nivel_estoque,505
/nivel_estoque,506
/nivel_estoque,507
/nivel_estoque,508
/nivel_estoque,509
/nivel_estoque,510
/nivel_estoque,511
/nivel_estoque,512
/nivel_estoque,513
/nivel_estoque,514
/nivel_estoque,515
/nivel_estoque,516
/nivel_estoque,517
/nivel_estoque,518
/nivel_estoque,519
/nivel_estoque,520
/nivel_estoque,521
/nivel_estoque,522
/nivel_estoque,523
/nivel_estoque,524
/nivel_estoque,525
/nivel_estoque,526
/nivel_estoque,527
/nivel_estoque,528
/nivel_estoque,529
/nivel_estoque,530
/nivel_estoque,531
/nivel_estoque,532
/nivel_estoque,533
/nivel_estoque,534
/nivel_estoque,535
/nivel_estoque,536
/nivel_estoque,537
/nivel_estoque,538
/nivel_estoque,539
/nivel_estoque,540
/nivel_estoque,541
/nivel_estoque,542
/nivel_estoque,543
/nivel_estoque,544
/nivel_estoque,545
/nivel_estoque,546
/nivel_estoque,547
/nivel_estoque,548
/nivel_estoque,549
/nivel_estoque,550
/nivel_estoque,551
/nivel_estoque,552
/nivel_estoque,553
/nivel_estoque,554
/nivel_estoque,555
/nivel_estoque,556
/nivel_estoque,557
/nivel_estoque,558
/nivel_estoque,559
/nivel_estoque,560
/nivel_estoque,561
/nivel_estoque,562
/nivel_estoque,563
/nivel_estoque,564
/nivel_estoque,565
/nivel_estoque,566
/nivel_estoque,567
/nivel_estoque,568
/nivel_estoque,569
/nivel_estoque,570
/nivel_estoque,571
/nivel_estoque,572
/nivel_estoque,573
/nivel_estoque,574
/nivel_estoque,575
/nivel_estoque,576
/nivel_estoque,577
/nivel_estoque,578
/nivel_estoque,579
/nivel_estoque,580
/nivel_estoque,581
/nivel_estoque,582
/nivel_estoque,583
/nivel_estoque,584
/nivel_estoque,585
/nivel_estoque,586
/nivel_estoque,587
/nivel_estoque,588
/nivel_estoque,589
/nivel_estoque,590
/nivel_estoque,591
/nivel_estoque,592
/nivel_estoque,593
/nivel_estoque,594
/nivel_estoque,595
/nivel_estoque,596
/nivel_estoque,597
/nivel_estoque,598
/nivel_estoque,599
/nivel_estoque,600
/nivel_estoque,601
/nivel_estoque,602
/nivel_estoque,603
/nivel_estoque,604
/nivel_estoque,605
/nivel_estoque,606
/nivel_estoque,607
/nivel_estoque,608
/nivel_estoque,609
/nivel_estoque,610
/nivel_estoque,611
/nivel_estoque,612
/nivel_estoque,613
/nivel_estoque,614
/nivel_estoque,615
/nivel_estoque,616
/nivel_estoque,617
/nivel_estoque,618
/nivel_estoque,619
/nivel_estoque,620
/nivel_estoque,621
/nivel_estoque,622
/nivel_estoque,623
/nivel_estoque,624
/nivel_estoque,625
/nivel_estoque,626
/nivel_estoque,627
/nivel_estoque,628
/nivel_estoque,629
/nivel_estoque,630
/nivel_estoque,631
/nivel_estoque,632
/nivel_estoque,633
/nivel_estoque,634
/nivel_estoque,635
/nivel_estoque,636
/nivel_estoque,637
/nivel_estoque,638
/nivel_estoque,639
/nivel_estoque,640
/nivel_estoque,641
/nivel_estoque,642
/nivel_estoque,643
/nivel_estoque,644
/nivel_estoque,645
/nivel_estoque,646
/nivel_estoque,647
/nivel_estoque,648
/nivel_estoque,649
/nivel_estoque,650
/nivel_estoque,651
/nivel_estoque,652
/nivel_estoque,653
/nivel_estoque,654
/nivel_estoque,655
/nivel_estoque,656
/nivel_estoque,657
/nivel_estoque,658
/nivel_estoque,659
/nivel_estoque,660
/nivel_estoque,661
/nivel_estoque,662
/nivel_estoque,663
/nivel_estoque,664
/nivel_estoque,665
/nivel_estoque,666
/nivel_estoque,667
/nivel_estoque,668
/nivel_estoque,669
/nivel_estoque,670
/nivel_estoque,671
/nivel_estoque,672
/nivel_estoque,673
/nivel_estoque,674
/nivel_estoque,675
/nivel_estoque,676
/nivel_estoque,677
/nivel_estoque,678
/nivel_estoque,679
/nivel_estoque,680
/nivel_estoque,681
/nivel_estoque,682
/nivel_estoque,683
/nivel_estoque,684
/nivel_estoque,685
/nivel_estoque,686
/nivel_estoque,687
/nivel_estoque,688
/nivel_estoque,689
/nivel_estoque,690
/nivel_estoque,691
/nivel_estoque,692
/nivel_estoque,693
/nivel_estoque,694
/nivel_estoque,695
/nivel_estoque,696
/nivel_estoque,697
/nivel_estoque,698
/nivel_estoque,699
/nivel_estoque,700
/nivel_estoque,701
/nivel_estoque,702
/nivel_estoque,703
/nivel_estoque,704
/nivel_estoque,705
/nivel_estoque,706
/nivel_estoque,707
/nivel_estoque,708
/nivel_estoque,709
/nivel_estoque,710
/nivel_estoque,711
/nivel_estoque,712
/nivel_estoque,713
/nivel_estoque,714
/nivel_estoque,715
/nivel_estoque,716
/nivel_estoque,717
/nivel_estoque,718
/nivel_estoque,719
/nivel_estoque,720
/nivel_estoque,721
/nivel_estoque,722
/nivel_estoque,723
/nivel_estoque,724
/nivel_estoque,725
/nivel_estoque,726
/nivel_estoque,727
/nivel_estoque,728
/nivel_estoque,729
/nivel_estoque,730
/nivel_estoque,731
/nivel_estoque,732
/nivel_estoque,733
/nivel_estoque,734
/nivel_estoque,735
/nivel_estoque,736
/nivel_estoque,737
/nivel_estoque,738
/nivel_estoque,739
/nivel_estoque,740
/nivel_estoque,741
/nivel_estoque,742
/nivel_estoque,743
/nivel_estoque,744
/nivel_estoque,745
/nivel_estoque,746
/nivel_estoque,747
/nivel_estoque,748
/nivel_estoque,749
/nivel_estoque,750
/nivel_estoque,751
/nivel_estoque,752
/nivel_estoque,753
/nivel_estoque,754
/nivel_estoque,755
/nivel_estoque,756
/nivel_estoque,757
/nivel_estoque,758
/nivel_estoque,759
/nivel_estoque,760
/nivel_estoque,761
/nivel_estoque,762
/nivel_estoque,763
/nivel_estoque,764
/nivel_estoque,765
/nivel_estoque,766
/nivel_estoque,767
/nivel_estoque,768
/nivel_estoque,769
/nivel_estoque,770
/nivel_estoque,771
/nivel_estoque,772
/nivel_estoque,773
/nivel_estoque,774
/nivel_estoque,775
/nivel_estoque,776
/nivel_estoque,777
/nivel_estoque,778
/nivel_estoque,779
/nivel_estoque,780
/nivel_estoque,781
/nivel_estoque,782
/nivel_estoque,783
/nivel_estoque,784
/nivel_estoque,785
/nivel_estoque,786
/nivel_estoque,787
/nivel_estoque,788
/nivel_estoque,789
/nivel_estoque,790
/nivel_estoque,791
/nivel_estoque,792
/nivel_estoque,793
/nivel_estoque,794
/nivel_estoque,795
/nivel_estoque,796
/nivel_estoque,797
/nivel_estoque,798
/nivel_estoque,799
/nivel_estoque,800
/nivel_estoque,801
/nivel_estoque,802
/nivel_estoque,803
/nivel_estoque,804
/nivel_estoque,805
/nivel_estoque,806
/nivel_estoque,807
/nivel_estoque,808
/nivel_estoque,809
/nivel_estoque,810
/nivel_estoque,811
/nivel_estoque,812
/nivel_estoque,813
/nivel_estoque,814
/nivel_estoque,815
/nivel_estoque,816
/nivel_estoque,817
/nivel_estoque,818
/nivel_estoque,819
/nivel_estoque,820
/nivel_estoque,821
/nivel_estoque,822
/nivel_estoque,823
/nivel_estoque,824
/nivel_estoque,825
/nivel_estoque,826
/nivel_estoque,827
/nivel_estoque,828
/nivel_estoque,829
/nivel_estoque,830
/nivel_estoque,831
/nivel_estoque,832
/nivel_estoque,833
/nivel_estoque,834
/nivel_estoque,835
/nivel_estoque,836
/nivel_estoque,837
/nivel_estoque,838
/nivel_estoque,839
/nivel_estoque,840
/nivel_estoque,841
/nivel_estoque,842
/nivel_estoque,843
/nivel_estoque,844
/nivel_estoque,845
/nivel_estoque,846
/nivel_estoque,847
/nivel_estoque,848
/nivel_estoque,849
/nivel_estoque,850
/nivel_estoque,851
/nivel_estoque,852
/nivel_estoque,853
/nivel_estoque,854
/nivel_estoque,855
/nivel_estoque,856
/nivel_estoque,857
/nivel_estoque,858
/nivel_estoque,859
/nivel_estoque,860
/nivel_estoque,861
/nivel_estoque,862
/nivel_estoque,863
/nivel_estoque,864
/nivel_estoque,865
/nivel_estoque,866
/nivel_estoque,867
/nivel_estoque,868
/nivel_estoque,869
/nivel_estoque,870
/nivel_estoque,871
/nivel_estoque,872
/nivel_estoque,873
/nivel_estoque,874
/nivel_estoque,875
/nivel_estoque,876
/nivel_estoque,877
/nivel_estoque,878
/nivel_estoque,879
/nivel_estoque,880
/nivel_estoque,881
/nivel_estoque,882
/nivel_estoque,883
/nivel_estoque,884
/nivel_estoque,885
/nivel_estoque,886
/nivel_estoque,887
/nivel_estoque,888
/nivel_estoque,889
/nivel_estoque,890
/nivel_estoque,891
/nivel_estoque,892
/nivel_estoque,893
/nivel_estoque,894
/nivel_estoque,895
/nivel_estoque,896
/nivel_estoque,897
/nivel_estoque,898
/nivel_estoque,899
/nivel_estoque,900
/nivel_estoque,901
/nivel_estoque,902
/nivel_estoque,903
/nivel_estoque,904
/nivel_estoque,905
/nivel_estoque,906
/nivel_estoque,907
/nivel_estoque,908
/nivel_estoque,909
/nivel_estoque,910
/nivel_estoque,911
/nivel_estoque,912
/nivel_estoque,913
/nivel_estoque,914
/nivel_estoque,915
/nivel_estoque,916
/nivel_estoque,917
/nivel_estoque,918
/nivel_estoque,919
/nivel_estoque,920
/nivel_estoque,921
/nivel_estoque,922
/nivel_estoque,923
/nivel_estoque,924
/nivel_estoque,925
/nivel_estoque,926
/nivel_estoque,927
/nivel_estoque,928
/nivel_estoque,929
/nivel_estoque,930
/nivel_estoque,931
/nivel_estoque,932
/nivel_estoque,933
/nivel_estoque,934
/nivel_estoque,935
/nivel_estoque,936
/nivel_estoque,937
/nivel_estoque,938
/nivel_estoque,939
/nivel_estoque,940
/nivel_estoque,941
/nivel_estoque,942
/nivel_estoque,943
/nivel_estoque,944
/nivel_estoque,945
/nivel_estoque,946
/nivel_estoque,947
/nivel_estoque,948
/nivel_estoque,949
/nivel_estoque,950
/nivel_estoque,951
/nivel_estoque,952
/nivel_estoque,953
/nivel_estoque,954
/nivel_estoque,955
/nivel_estoque,956
/nivel_estoque,957
/nivel_estoque,958
/nivel_estoque,959
/nivel_estoque,960
/nivel_estoque,961
/nivel_estoque,962
/nivel_estoque,963
/nivel_estoque,964
/nivel_estoque,965
/nivel_estoque,966
/nivel_estoque,967
/nivel_estoque,968
/nivel_estoque,969
/nivel_estoque,970
/nivel_estoque,971
/nivel_estoque,972
/nivel_estoque,973
/nivel_estoque,974
/nivel_estoque,975
/nivel_estoque,976
/nivel_estoque,977
/nivel_estoque,978
/nivel_estoque,979
/nivel_estoque,980
/nivel_estoque,981
/nivel_estoque,982
/nivel_estoque,983
/nivel_estoque,984
/nivel_estoque,985
/nivel_estoque,986
/nivel_estoque,987
/nivel_estoque,988
/nivel_estoque,989
/nivel_estoque,990
/nivel_estoque,991
/nivel_estoque,992
/nivel_estoque,993
/nivel_estoque,994
/nivel_estoque,995
/nivel_estoque,996
/nivel_estoque,997
/nivel_estoque,998
/nivel_estoque,999
/nivel_estoque,1000
