idCliente,itens
1,"[{id:1, quantidade:10}]"
2,"[{id:2, quantidade:5},{id:3, quantidade:5}]"
3,"[{id:3, quantidade:10},{id:4, quantidade:10},{id:5, quantidade:10}]"
4,"[{id:4, quantidade:5},{id:5, quantidade:5},{id:6, quantidade:5},{id:7, quantidade:5}]"
5,"[{id:5, quantidade:10},{id:6, quantidade:10},{id:7, quantidade:10},{id:8, quantidade:10},{id:9, quantidade:10}]"
6,"[{id:6, quantidade:5}]"
7,"[{id:7, quantidade:10},{id:8, quantidade:10}]"
8,"[{id:8, quantidade:5},{id:9, quantidade:5},{id:10, quantidade:5}]"
9,"[{id:9, quantidade:10},{id:10, quantidade:10},{id:11, quantidade:10},{id:12, quantidade:10}]"
10,"[{id:10, quantidade:5},{id:11, quantidade:5},{id:12, quantidade:5},{id:13, quantidade:5},{id:14, quantidade:5}]"
11,"[{id:11, quantidade:10}]"
12,"[{id:12, quantidade:5},{id:13, quantidade:5}]"
13,"[{id:13, quantidade:10},{id:14, quantidade:10},{id:15, quantidade:10}]"
14,"[{id:14, quantidade:5},{id:15, quantidade:5},{id:16, quantidade:5},{id:17, quantidade:5}]"
15,"[{id:15, quantidade:10},{id:16, quantidade:10},{id:17, quantidade:10},{id:18, quantidade:10},{id:19, quantidade:10}]"
16,"[{id:16, quantidade:5}]"
17,"[{id:17, quantidade:10},{id:18, quantidade:10}]"
18,"[{id:18, quantidade:5},{id:19, quantidade:5},{id:20, quantidade:5}]"
19,"[{id:19, quantidade:10},{id:20, quantidade:10},{id:21, quantidade:10},{id:22, quantidade:10}]"
20,"[{id:20, quantidade:5},{id:21, quantidade:5},{id:22, quantidade:5},{id:23, quantidade:5},{id:24, quantidade:5}]"
21,"[{id:21, quantidade:10}]"
22,"[{id:22, quantidade:5},{id:23, quantidade:5}]"
23,"[{id:23, quantidade:10},{id:24, quantidade:10},{id:25, quantidade:10}]"
24,"[{id:24, quantidade:5},{id:25, quantidade:5},{id:26, quantidade:5},{id:27, quantidade:5}]"
25,"[{id:25, quantidade:10},{id:26, quantidade:10},{id:27, quantidade:10},{id:28, quantidade:10},{id:29, quantidade:10}]"
26,"[{id:26, quantidade:5}]"
27,"[{id:27, quantidade:10},{id:28, quantidade:10}]"
28,"[{id:28, quantidade:5},{id:29, quantidade:5},{id:30, quantidade:5}]"
29,"[{id:29, quantidade:10},{id:30, quantidade:10},{id:31, quantidade:10},{id:32, quantidade:10}]"
30,"[{id:30, quantidade:5},{id:31, quantidade:5},{id:32, quantidade:5},{id:33, quantidade:5},{id:34, quantidade:5}]"
31,"[{id:31, quantidade:10}]"
32,"[{id:32, quantidade:5},{id:33, quantidade:5}]"
33,"[{id:33, quantidade:10},{id:34, quantidade:10},{id:35, quantidade:10}]"
34,"[{id:34, quantidade:5},{id:35, quantidade:5},{id:36, quantidade:5},{id:37, quantidade:5}]"
35,"[{id:35, quantidade:10},{id:36, quantidade:10},{id:37, quantidade:10},{id:38, quantidade:10},{id:39, quantidade:10}]"
36,"[{id:36, quantidade:5}]"
37,"[{id:37, quantidade:10},{id:38, quantidade:10}]"
38,"[{id:38, quantidade:5},{id:39, quantidade:5},{id:40, quantidade:5}]"
39,"[{id:39, quantidade:10},{id:40, quantidade:10},{id:41, quantidade:10},{id:42, quantidade:10}]"
40,"[{id:40, quantidade:5},{id:41, quantidade:5},{id:42, quantidade:5},{id:43, quantidade:5},{id:44, quantidade:5}]"
41,"[{id:41, quantidade:10}]"
42,"[{id:42, quantidade:5},{id:43, quantidade:5}]"
43,"[{id:43, quantidade:10},{id:44, quantidade:10},{id:45, quantidade:10}]"
44,"[{id:44, quantidade:5},{id:45, quantidade:5},{id:46, quantidade:5},{id:47, quantidade:5}]"
45,"[{id:45, quantidade:10},{id:46, quantidade:10},{id:47, quantidade:10},{id:48, quantidade:10},{id:49, quantidade:10}]"
46,"[{id:46, quantidade:5}]"
47,"[{id:47, quantidade:10},{id:48, quantidade:10}]"
48,"[{id:48, quantidade:5},{id:49, quantidade:5},{id:50, quantidade:5}]"
49,"[{id:49, quantidade:10},{id:50, quantidade:10},{id:51, quantidade:10},{id:52, quantidade:10}]"
50,"[{id:50, quantidade:5},{id:51, quantidade:5},{id:52, quantidade:5},{id:53, quantidade:5},{id:54, quantidade:5}]"
51,"[{id:51, quantidade:10}]"
52,"[{id:52, quantidade:5},{id:53, quantidade:5}]"
53,"[{id:53, quantidade:10},{id:54, quantidade:10},{id:55, quantidade:10}]"
54,"[{id:54, quantidade:5},{id:55, quantidade:5},{id:56, quantidade:5},{id:57, quantidade:5}]"
55,"[{id:55, quantidade:10},{id:56, quantidade:10},{id:57, quantidade:10},{id:58, quantidade:10},{id:59, quantidade:10}]"
56,"[{id:56, quantidade:5}]"
57,"[{id:57, quantidade:10},{id:58, quantidade:10}]"
58,"[{id:58, quantidade:5},{id:59, quantidade:5},{id:60, quantidade:5}]"
59,"[{id:59, quantidade:10},{id:60, quantidade:10},{id:61, quantidade:10},{id:62, quantidade:10}]"
60,"[{id:60, quantidade:5},{id:61, quantidade:5},{id:62, quantidade:5},{id:63, quantidade:5},{id:64, quantidade:5}]"
61,"[{id:61, quantidade:10}]"
62,"[{id:62, quantidade:5},{id:63, quantidade:5}]"
63,"[{id:63, quantidade:10},{id:64, quantidade:10},{id:65, quantidade:10}]"
64,"[{id:64, quantidade:5},{id:65, quantidade:5},{id:66, quantidade:5},{id:67, quantidade:5}]"
65,"[{id:65, quantidade:10},{id:66, quantidade:10},{id:67, quantidade:10},{id:68, quantidade:10},{id:69, quantidade:10}]"
66,"[{id:66, quantidade:5}]"
67,"[{id:67, quantidade:10},{id:68, quantidade:10}]"
68,"[{id:68, quantidade:5},{id:69, quantidade:5},{id:70, quantidade:5}]"
69,"[{id:69, quantidade:10},{id:70, quantidade:10},{id:71, quantidade:10},{id:72, quantidade:10}]"
70,"[{id:70, quantidade:5},{id:71, quantidade:5},{id:72, quantidade:5},{id:73, quantidade:5},{id:74, quantidade:5}]"
71,"[{id:71, quantidade:10}]"
72,"[{id:72, quantidade:5},{id:73, quantidade:5}]"
73,"[{id:73, quantidade:10},{id:74, quantidade:10},{id:75, quantidade:10}]"
74,"[{id:74, quantidade:5},{id:75, quantidade:5},{id:76, quantidade:5},{id:77, quantidade:5}]"
75,"[{id:75, quantidade:10},{id:76, quantidade:10},{id:77, quantidade:10},{id:78, quantidade:10},{id:79, quantidade:10}]"
76,"[{id:76, quantidade:5}]"
77,"[{id:77, quantidade:10},{id:78, quantidade:10}]"
78,"[{id:78, quantidade:5},{id:79, quantidade:5},{id:80, quantidade:5}]"
79,"[{id:79, quantidade:10},{id:80, quantidade:10},{id:81, quantidade:10},{id:82, quantidade:10}]"
80,"[{id:80, quantidade:5},{id:81, quantidade:5},{id:82, quantidade:5},{id:83, quantidade:5},{id:84, quantidade:5}]"
81,"[{id:81, quantidade:10}]"
82,"[{id:82, quantidade:5},{id:83, quantidade:5}]"
83,"[{id:83, quantidade:10},{id:84, quantidade:10},{id:85, quantidade:10}]"
84,"[{id:84, quantidade:5},{id:85, quantidade:5},{id:86, quantidade:5},{id:87, quantidade:5}]"
85,"[{id:85, quantidade:10},{id:86, quantidade:10},{id:87, quantidade:10},{id:88, quantidade:10},{id:89, quantidade:10}]"
86,"[{id:86, quantidade:5}]"
87,"[{id:87, quantidade:10},{id:88, quantidade:10}]"
88,"[{id:88, quantidade:5},{id:89, quantidade:5},{id:90, quantidade:5}]"
89,"[{id:89, quantidade:10},{id:90, quantidade:10},{id:91, quantidade:10},{id:92, quantidade:10}]"
90,"[{id:90, quantidade:5},{id:91, quantidade:5},{id:92, quantidade:5},{id:93, quantidade:5},{id:94, quantidade:5}]"
91,"[{id:91, quantidade:10}]"
92,"[{id:92, quantidade:5},{id:93, quantidade:5}]"
93,"[{id:93, quantidade:10},{id:94, quantidade:10},{id:95, quantidade:10}]"
94,"[{id:94, quantidade:5},{id:95, quantidade:5},{id:96, quantidade:5},{id:97, quantidade:5}]"
95,"[{id:95, quantidade:10},{id:96, quantidade:10},{id:97, quantidade:10},{id:98, quantidade:10},{id:99, quantidade:10}]"
96,"[{id:96, quantidade:5}]"
97,"[{id:97, quantidade:10},{id:98, quantidade:10}]"
98,"[{id:98, quantidade:5},{id:99, quantidade:5},{id:100, quantidade:5}]"
99,"[{id:99, quantidade:10},{id:100, quantidade:10},{id:1, quantidade:10},{id:2, quantidade:10}]"
100,"[{id:100, quantidade:5},{id:1, quantidade:5},{id:2, quantidade:5},{id:3, quantidade:5},{id:4, quantidade:5}]"
101,"[{id:1, quantidade:10}]"
102,"[{id:2, quantidade:5},{id:3, quantidade:5}]"
103,"[{id:3, quantidade:10},{id:4, quantidade:10},{id:5, quantidade:10}]"
104,"[{id:4, quantidade:5},{id:5, quantidade:5},{id:6, quantidade:5},{id:7, quantidade:5}]"
105,"[{id:5, quantidade:10},{id:6, quantidade:10},{id:7, quantidade:10},{id:8, quantidade:10},{id:9, quantidade:10}]"
106,"[{id:6, quantidade:5}]"
107,"[{id:7, quantidade:10},{id:8, quantidade:10}]"
108,"[{id:8, quantidade:5},{id:9, quantidade:5},{id:10, quantidade:5}]"
109,"[{id:9, quantidade:10},{id:10, quantidade:10},{id:11, quantidade:10},{id:12, quantidade:10}]"
110,"[{id:10, quantidade:5},{id:11, quantidade:5},{id:12, quantidade:5},{id:13, quantidade:5},{id:14, quantidade:5}]"
111,"[{id:11, quantidade:10}]"
112,"[{id:12, quantidade:5},{id:13, quantidade:5}]"
113,"[{id:13, quantidade:10},{id:14, quantidade:10},{id:15, quantidade:10}]"
114,"[{id:14, quantidade:5},{id:15, quantidade:5},{id:16, quantidade:5},{id:17, quantidade:5}]"
115,"[{id:15, quantidade:10},{id:16, quantidade:10},{id:17, quantidade:10},{id:18, quantidade:10},{id:19, quantidade:10}]"
116,"[{id:16, quantidade:5}]"
117,"[{id:17, quantidade:10},{id:18, quantidade:10}]"
118,"[{id:18, quantidade:5},{id:19, quantidade:5},{id:20, quantidade:5}]"
119,"[{id:19, quantidade:10},{id:20, quantidade:10},{id:21, quantidade:10},{id:22, quantidade:10}]"
120,"[{id:20, quantidade:5},{id:21, quantidade:5},{id:22, quantidade:5},{id:23, quantidade:5},{id:24, quantidade:5}]"
121,"[{id:21, quantidade:10}]"
122,"[{id:22, quantidade:5},{id:23, quantidade:5}]"
123,"[{id:23, quantidade:10},{id:24, quantidade:10},{id:25, quantidade:10}]"
124,"[{id:24, quantidade:5},{id:25, quantidade:5},{id:26, quantidade:5},{id:27, quantidade:5}]"
125,"[{id:25, quantidade:10},{id:26, quantidade:10},{id:27, quantidade:10},{id:28, quantidade:10},{id:29, quantidade:10}]"
126,"[{id:26, quantidade:5}]"
127,"[{id:27, quantidade:10},{id:28, quantidade:10}]"
128,"[{id:28, quantidade:5},{id:29, quantidade:5},{id:30, quantidade:5}]"
129,"[{id:29, quantidade:10},{id:30, quantidade:10},{id:31, quantidade:10},{id:32, quantidade:10}]"
130,"[{id:30, quantidade:5},{id:31, quantidade:5},{id:32, quantidade:5},{id:33, quantidade:5},{id:34, quantidade:5}]"
131,"[{id:31, quantidade:10}]"
132,"[{id:32, quantidade:5},{id:33, quantidade:5}]"
133,"[{id:33, quantidade:10},{id:34, quantidade:10},{id:35, quantidade:10}]"
134,"[{id:34, quantidade:5},{id:35, quantidade:5},{id:36, quantidade:5},{id:37, quantidade:5}]"
135,"[{id:35, quantidade:10},{id:36, quantidade:10},{id:37, quantidade:10},{id:38, quantidade:10},{id:39, quantidade:10}]"
136,"[{id:36, quantidade:5}]"
137,"[{id:37, quantidade:10},{id:38, quantidade:10}]"
138,"[{id:38, quantidade:5},{id:39, quantidade:5},{id:40, quantidade:5}]"
139,"[{id:39, quantidade:10},{id:40, quantidade:10},{id:41, quantidade:10},{id:42, quantidade:10}]"
140,"[{id:40, quantidade:5},{id:41, quantidade:5},{id:42, quantidade:5},{id:43, quantidade:5},{id:44, quantidade:5}]"
141,"[{id:41, quantidade:10}]"
142,"[{id:42, quantidade:5},{id:43, quantidade:5}]"
143,"[{id:43, quantidade:10},{id:44, quantidade:10},{id:45, quantidade:10}]"
144,"[{id:44, quantidade:5},{id:45, quantidade:5},{id:46, quantidade:5},{id:47, quantidade:5}]"
145,"[{id:45, quantidade:10},{id:46, quantidade:10},{id:47, quantidade:10},{id:48, quantidade:10},{id:49, quantidade:10}]"
146,"[{id:46, quantidade:5}]"
147,"[{id:47, quantidade:10},{id:48, quantidade:10}]"
148,"[{id:48, quantidade:5},{id:49, quantidade:5},{id:50, quantidade:5}]"
149,"[{id:49, quantidade:10},{id:50, quantidade:10},{id:51, quantidade:10},{id:52, quantidade:10}]"
150,"[{id:50, quantidade:5},{id:51, quantidade:5},{id:52, quantidade:5},{id:53, quantidade:5},{id:54, quantidade:5}]"
151,"[{id:51, quantidade:10}]"
152,"[{id:52, quantidade:5},{id:53, quantidade:5}]"
153,"[{id:53, quantidade:10},{id:54, quantidade:10},{id:55, quantidade:10}]"
154,"[{id:54, quantidade:5},{id:55, quantidade:5},{id:56, quantidade:5},{id:57, quantidade:5}]"
155,"[{id:55, quantidade:10},{id:56, quantidade:10},{id:57, quantidade:10},{id:58, quantidade:10},{id:59, quantidade:10}]"
156,"[{id:56, quantidade:5}]"
157,"[{id:57, quantidade:10},{id:58, quantidade:10}]"
158,"[{id:58, quantidade:5},{id:59, quantidade:5},{id:60, quantidade:5}]"
159,"[{id:59, quantidade:10},{id:60, quantidade:10},{id:61, quantidade:10},{id:62, quantidade:10}]"
160,"[{id:60, quantidade:5},{id:61, quantidade:5},{id:62, quantidade:5},{id:63, quantidade:5},{id:64, quantidade:5}]"
161,"[{id:61, quantidade:10}]"
162,"[{id:62, quantidade:5},{id:63, quantidade:5}]"
163,"[{id:63, quantidade:10},{id:64, quantidade:10},{id:65, quantidade:10}]"
164,"[{id:64, quantidade:5},{id:65, quantidade:5},{id:66, quantidade:5},{id:67, quantidade:5}]"
165,"[{id:65, quantidade:10},{id:66, quantidade:10},{id:67, quantidade:10},{id:68, quantidade:10},{id:69, quantidade:10}]"
166,"[{id:66, quantidade:5}]"
167,"[{id:67, quantidade:10},{id:68, quantidade:10}]"
168,"[{id:68, quantidade:5},{id:69, quantidade:5},{id:70, quantidade:5}]"
169,"[{id:69, quantidade:10},{id:70, quantidade:10},{id:71, quantidade:10},{id:72, quantidade:10}]"
170,"[{id:70, quantidade:5},{id:71, quantidade:5},{id:72, quantidade:5},{id:73, quantidade:5},{id:74, quantidade:5}]"
171,"[{id:71, quantidade:10}]"
172,"[{id:72, quantidade:5},{id:73, quantidade:5}]"
173,"[{id:73, quantidade:10},{id:74, quantidade:10},{id:75, quantidade:10}]"
174,"[{id:74, quantidade:5},{id:75, quantidade:5},{id:76, quantidade:5},{id:77, quantidade:5}]"
175,"[{id:75, quantidade:10},{id:76, quantidade:10},{id:77, quantidade:10},{id:78, quantidade:10},{id:79, quantidade:10}]"
176,"[{id:76, quantidade:5}]"
177,"[{id:77, quantidade:10},{id:78, quantidade:10}]"
178,"[{id:78, quantidade:5},{id:79, quantidade:5},{id:80, quantidade:5}]"
179,"[{id:79, quantidade:10},{id:80, quantidade:10},{id:81, quantidade:10},{id:82, quantidade:10}]"
180,"[{id:80, quantidade:5},{id:81, quantidade:5},{id:82, quantidade:5},{id:83, quantidade:5},{id:84, quantidade:5}]"
181,"[{id:81, quantidade:10}]"
182,"[{id:82, quantidade:5},{id:83, quantidade:5}]"
183,"[{id:83, quantidade:10},{id:84, quantidade:10},{id:85, quantidade:10}]"
184,"[{id:84, quantidade:5},{id:85, quantidade:5},{id:86, quantidade:5},{id:87, quantidade:5}]"
185,"[{id:85, quantidade:10},{id:86, quantidade:10},{id:87, quantidade:10},{id:88, quantidade:10},{id:89, quantidade:10}]"
186,"[{id:86, quantidade:5}]"
187,"[{id:87, quantidade:10},{id:88, quantidade:10}]"
188,"[{id:88, quantidade:5},{id:89, quantidade:5},{id:90, quantidade:5}]"
189,"[{id:89, quantidade:10},{id:90, quantidade:10},{id:91, quantidade:10},{id:92, quantidade:10}]"
190,"[{id:90, quantidade:5},{id:91, quantidade:5},{id:92, quantidade:5},{id:93, quantidade:5},{id:94, quantidade:5}]"
191,"[{id:91, quantidade:10}]"
192,"[{id:92, quantidade:5},{id:93, quantidade:5}]"
193,"[{id:93, quantidade:10},{id:94, quantidade:10},{id:95, quantidade:10}]"
194,"[{id:94, quantidade:5},{id:95, quantidade:5},{id:96, quantidade:5},{id:97, quantidade:5}]"
195,"[{id:95, quantidade:10},{id:96, quantidade:10},{id:97, quantidade:10},{id:98, quantidade:10},{id:99, quantidade:10}]"
196,"[{id:96, quantidade:5}]"
197,"[{id:97, quantidade:10},{id:98, quantidade:10}]"
198,"[{id:98, quantidade:5},{id:99, quantidade:5},{id:100, quantidade:5}]"
199,"[{id:99, quantidade:10},{id:100, quantidade:10},{id:1, quantidade:10},{id:2, quantidade:10}]"
200,"[{id:100, quantidade:5},{id:1, quantidade:5},{id:2, quantidade:5},{id:3, quantidade:5},{id:4, quantidade:5}]"
201,"[{id:1, quantidade:10}]"
202,"[{id:2, quantidade:5},{id:3, quantidade:5}]"
203,"[{id:3, quantidade:10},{id:4, quantidade:10},{id:5, quantidade:10}]"
204,"[{id:4, quantidade:5},{id:5, quantidade:5},{id:6, quantidade:5},{id:7, quantidade:5}]"
205,"[{id:5, quantidade:10},{id:6, quantidade:10},{id:7, quantidade:10},{id:8, quantidade:10},{id:9, quantidade:10}]"
206,"[{id:6, quantidade:5}]"
207,"[{id:7, quantidade:10},{id:8, quantidade:10}]"
208,"[{id:8, quantidade:5},{id:9, quantidade:5},{id:10, quantidade:5}]"
209,"[{id:9, quantidade:10},{id:10, quantidade:10},{id:11, quantidade:10},{id:12, quantidade:10}]"
210,"[{id:10, quantidade:5},{id:11, quantidade:5},{id:12, quantidade:5},{id:13, quantidade:5},{id:14, quantidade:5}]"
211,"[{id:11, quantidade:10}]"
212,"[{id:12, quantidade:5},{id:13, quantidade:5}]"
213,"[{id:13, quantidade:10},{id:14, quantidade:10},{id:15, quantidade:10}]"
214,"[{id:14, quantidade:5},{id:15, quantidade:5},{id:16, quantidade:5},{id:17, quantidade:5}]"
215,"[{id:15, quantidade:10},{id:16, quantidade:10},{id:17, quantidade:10},{id:18, quantidade:10},{id:19, quantidade:10}]"
216,"[{id:16, quantidade:5}]"
217,"[{id:17, quantidade:10},{id:18, quantidade:10}]"
218,"[{id:18, quantidade:5},{id:19, quantidade:5},{id:20, quantidade:5}]"
219,"[{id:19, quantidade:10},{id:20, quantidade:10},{id:21, quantidade:10},{id:22, quantidade:10}]"
220,"[{id:20, quantidade:5},{id:21, quantidade:5},{id:22, quantidade:5},{id:23, quantidade:5},{id:24, quantidade:5}]"
221,"[{id:21, quantidade:10}]"
222,"[{id:22, quantidade:5},{id:23, quantidade:5}]"
223,"[{id:23, quantidade:10},{id:24, quantidade:10},{id:25, quantidade:10}]"
224,"[{id:24, quantidade:5},{id:25, quantidade:5},{id:26, quantidade:5},{id:27, quantidade:5}]"
225,"[{id:25, quantidade:10},{id:26, quantidade:10},{id:27, quantidade:10},{id:28, quantidade:10},{id:29, quantidade:10}]"
226,"[{id:26, quantidade:5}]"
227,"[{id:27, quantidade:10},{id:28, quantidade:10}]"
228,"[{id:28, quantidade:5},{id:29, quantidade:5},{id:30, quantidade:5}]"
229,"[{id:29, quantidade:10},{id:30, quantidade:10},{id:31, quantidade:10},{id:32, quantidade:10}]"
230,"[{id:30, quantidade:5},{id:31, quantidade:5},{id:32, quantidade:5},{id:33, quantidade:5},{id:34, quantidade:5}]"
231,"[{id:31, quantidade:10}]"
232,"[{id:32, quantidade:5},{id:33, quantidade:5}]"
233,"[{id:33, quantidade:10},{id:34, quantidade:10},{id:35, quantidade:10}]"
234,"[{id:34, quantidade:5},{id:35, quantidade:5},{id:36, quantidade:5},{id:37, quantidade:5}]"
235,"[{id:35, quantidade:10},{id:36, quantidade:10},{id:37, quantidade:10},{id:38, quantidade:10},{id:39, quantidade:10}]"
236,"[{id:36, quantidade:5}]"
237,"[{id:37, quantidade:10},{id:38, quantidade:10}]"
238,"[{id:38, quantidade:5},{id:39, quantidade:5},{id:40, quantidade:5}]"
239,"[{id:39, quantidade:10},{id:40, quantidade:10},{id:41, quantidade:10},{id:42, quantidade:10}]"
240,"[{id:40, quantidade:5},{id:41, quantidade:5},{id:42, quantidade:5},{id:43, quantidade:5},{id:44, quantidade:5}]"
241,"[{id:41, quantidade:10}]"
242,"[{id:42, quantidade:5},{id:43, quantidade:5}]"
243,"[{id:43, quantidade:10},{id:44, quantidade:10},{id:45, quantidade:10}]"
244,"[{id:44, quantidade:5},{id:45, quantidade:5},{id:46, quantidade:5},{id:47, quantidade:5}]"
245,"[{id:45, quantidade:10},{id:46, quantidade:10},{id:47, quantidade:10},{id:48, quantidade:10},{id:49, quantidade:10}]"
246,"[{id:46, quantidade:5}]"
247,"[{id:47, quantidade:10},{id:48, quantidade:10}]"
248,"[{id:48, quantidade:5},{id:49, quantidade:5},{id:50, quantidade:5}]"
249,"[{id:49, quantidade:10},{id:50, quantidade:10},{id:51, quantidade:10},{id:52, quantidade:10}]"
250,"[{id:50, quantidade:5},{id:51, quantidade:5},{id:52, quantidade:5},{id:53, quantidade:5},{id:54, quantidade:5}]"
251,"[{id:51, quantidade:10}]"
252,"[{id:52, quantidade:5},{id:53, quantidade:5}]"
253,"[{id:53, quantidade:10},{id:54, quantidade:10},{id:55, quantidade:10}]"
254,"[{id:54, quantidade:5},{id:55, quantidade:5},{id:56, quantidade:5},{id:57, quantidade:5}]"
255,"[{id:55, quantidade:10},{id:56, quantidade:10},{id:57, quantidade:10},{id:58, quantidade:10},{id:59, quantidade:10}]"
256,"[{id:56, quantidade:5}]"
257,"[{id:57, quantidade:10},{id:58, quantidade:10}]"
258,"[{id:58, quantidade:5},{id:59, quantidade:5},{id:60, quantidade:5}]"
259,"[{id:59, quantidade:10},{id:60, quantidade:10},{id:61, quantidade:10},{id:62, quantidade:10}]"
260,"[{id:60, quantidade:5},{id:61, quantidade:5},{id:62, quantidade:5},{id:63, quantidade:5},{id:64, quantidade:5}]"
261,"[{id:61, quantidade:10}]"
262,"[{id:62, quantidade:5},{id:63, quantidade:5}]"
263,"[{id:63, quantidade:10},{id:64, quantidade:10},{id:65, quantidade:10}]"
264,"[{id:64, quantidade:5},{id:65, quantidade:5},{id:66, quantidade:5},{id:67, quantidade:5}]"
265,"[{id:65, quantidade:10},{id:66, quantidade:10},{id:67, quantidade:10},{id:68, quantidade:10},{id:69, quantidade:10}]"
266,"[{id:66, quantidade:5}]"
267,"[{id:67, quantidade:10},{id:68, quantidade:10}]"
268,"[{id:68, quantidade:5},{id:69, quantidade:5},{id:70, quantidade:5}]"
269,"[{id:69, quantidade:10},{id:70, quantidade:10},{id:71, quantidade:10},{id:72, quantidade:10}]"
270,"[{id:70, quantidade:5},{id:71, quantidade:5},{id:72, quantidade:5},{id:73, quantidade:5},{id:74, quantidade:5}]"
271,"[{id:71, quantidade:10}]"
272,"[{id:72, quantidade:5},{id:73, quantidade:5}]"
273,"[{id:73, quantidade:10},{id:74, quantidade:10},{id:75, quantidade:10}]"
274,"[{id:74, quantidade:5},{id:75, quantidade:5},{id:76, quantidade:5},{id:77, quantidade:5}]"
275,"[{id:75, quantidade:10},{id:76, quantidade:10},{id:77, quantidade:10},{id:78, quantidade:10},{id:79, quantidade:10}]"
276,"[{id:76, quantidade:5}]"
277,"[{id:77, quantidade:10},{id:78, quantidade:10}]"
278,"[{id:78, quantidade:5},{id:79, quantidade:5},{id:80, quantidade:5}]"
279,"[{id:79, quantidade:10},{id:80, quantidade:10},{id:81, quantidade:10},{id:82, quantidade:10}]"
280,"[{id:80, quantidade:5},{id:81, quantidade:5},{id:82, quantidade:5},{id:83, quantidade:5},{id:84, quantidade:5}]"
281,"[{id:81, quantidade:10}]"
282,"[{id:82, quantidade:5},{id:83, quantidade:5}]"
283,"[{id:83, quantidade:10},{id:84, quantidade:10},{id:85, quantidade:10}]"
284,"[{id:84, quantidade:5},{id:85, quantidade:5},{id:86, quantidade:5},{id:87, quantidade:5}]"
285,"[{id:85, quantidade:10},{id:86, quantidade:10},{id:87, quantidade:10},{id:88, quantidade:10},{id:89, quantidade:10}]"
286,"[{id:86, quantidade:5}]"
287,"[{id:87, quantidade:10},{id:88, quantidade:10}]"
288,"[{id:88, quantidade:5},{id:89, quantidade:5},{id:90, quantidade:5}]"
289,"[{id:89, quantidade:10},{id:90, quantidade:10},{id:91, quantidade:10},{id:92, quantidade:10}]"
290,"[{id:90, quantidade:5},{id:91, quantidade:5},{id:92, quantidade:5},{id:93, quantidade:5},{id:94, quantidade:5}]"
291,"[{id:91, quantidade:10}]"
292,"[{id:92, quantidade:5},{id:93, quantidade:5}]"
293,"[{id:93, quantidade:10},{id:94, quantidade:10},{id:95, quantidade:10}]"
294,"[{id:94, quantidade:5},{id:95, quantidade:5},{id:96, quantidade:5},{id:97, quantidade:5}]"
295,"[{id:95, quantidade:10},{id:96, quantidade:10},{id:97, quantidade:10},{id:98, quantidade:10},{id:99, quantidade:10}]"
296,"[{id:96, quantidade:5}]"
297,"[{id:97, quantidade:10},{id:98, quantidade:10}]"
298,"[{id:98, quantidade:5},{id:99, quantidade:5},{id:100, quantidade:5}]"
299,"[{id:99, quantidade:10},{id:100, quantidade:10},{id:1, quantidade:10},{id:2, quantidade:10}]"
300,"[{id:100, quantidade:5},{id:1, quantidade:5},{id:2, quantidade:5},{id:3, quantidade:5},{id:4, quantidade:5}]"
301,"[{id:1, quantidade:10}]"
302,"[{id:2, quantidade:5},{id:3, quantidade:5}]"
303,"[{id:3, quantidade:10},{id:4, quantidade:10},{id:5, quantidade:10}]"
304,"[{id:4, quantidade:5},{id:5, quantidade:5},{id:6, quantidade:5},{id:7, quantidade:5}]"
305,"[{id:5, quantidade:10},{id:6, quantidade:10},{id:7, quantidade:10},{id:8, quantidade:10},{id:9, quantidade:10}]"
306,"[{id:6, quantidade:5}]"
307,"[{id:7, quantidade:10},{id:8, quantidade:10}]"
308,"[{id:8, quantidade:5},{id:9, quantidade:5},{id:10, quantidade:5}]"
309,"[{id:9, quantidade:10},{id:10, quantidade:10},{id:11, quantidade:10},{id:12, quantidade:10}]"
310,"[{id:10, quantidade:5},{id:11, quantidade:5},{id:12, quantidade:5},{id:13, quantidade:5},{id:14, quantidade:5}]"
311,"[{id:11, quantidade:10}]"
312,"[{id:12, quantidade:5},{id:13, quantidade:5}]"
313,"[{id:13, quantidade:10},{id:14, quantidade:10},{id:15, quantidade:10}]"
314,"[{id:14, quantidade:5},{id:15, quantidade:5},{id:16, quantidade:5},{id:17, quantidade:5}]"
315,"[{id:15, quantidade:10},{id:16, quantidade:10},{id:17, quantidade:10},{id:18, quantidade:10},{id:19, quantidade:10}]"
316,"[{id:16, quantidade:5}]"
317,"[{id:17, quantidade:10},{id:18, quantidade:10}]"
318,"[{id:18, quantidade:5},{id:19, quantidade:5},{id:20, quantidade:5}]"
319,"[{id:19, quantidade:10},{id:20, quantidade:10},{id:21, quantidade:10},{id:22, quantidade:10}]"
320,"[{id:20, quantidade:5},{id:21, quantidade:5},{id:22, quantidade:5},{id:23, quantidade:5},{id:24, quantidade:5}]"
321,"[{id:21, quantidade:10}]"
322,"[{id:22, quantidade:5},{id:23, quantidade:5}]"
323,"[{id:23, quantidade:10},{id:24, quantidade:10},{id:25, quantidade:10}]"
324,"[{id:24, quantidade:5},{id:25, quantidade:5},{id:26, quantidade:5},{id:27, quantidade:5}]"
325,"[{id:25, quantidade:10},{id:26, quantidade:10},{id:27, quantidade:10},{id:28, quantidade:10},{id:29, quantidade:10}]"
326,"[{id:26, quantidade:5}]"
327,"[{id:27, quantidade:10},{id:28, quantidade:10}]"
328,"[{id:28, quantidade:5},{id:29, quantidade:5},{id:30, quantidade:5}]"
329,"[{id:29, quantidade:10},{id:30, quantidade:10},{id:31, quantidade:10},{id:32, quantidade:10}]"
330,"[{id:30, quantidade:5},{id:31, quantidade:5},{id:32, quantidade:5},{id:33, quantidade:5},{id:34, quantidade:5}]"
331,"[{id:31, quantidade:10}]"
332,"[{id:32, quantidade:5},{id:33, quantidade:5}]"
333,"[{id:33, quantidade:10},{id:34, quantidade:10},{id:35, quantidade:10}]"
334,"[{id:34, quantidade:5},{id:35, quantidade:5},{id:36, quantidade:5},{id:37, quantidade:5}]"
335,"[{id:35, quantidade:10},{id:36, quantidade:10},{id:37, quantidade:10},{id:38, quantidade:10},{id:39, quantidade:10}]"
336,"[{id:36, quantidade:5}]"
337,"[{id:37, quantidade:10},{id:38, quantidade:10}]"
338,"[{id:38, quantidade:5},{id:39, quantidade:5},{id:40, quantidade:5}]"
339,"[{id:39, quantidade:10},{id:40, quantidade:10},{id:41, quantidade:10},{id:42, quantidade:10}]"
340,"[{id:40, quantidade:5},{id:41, quantidade:5},{id:42, quantidade:5},{id:43, quantidade:5},{id:44, quantidade:5}]"
341,"[{id:41, quantidade:10}]"
342,"[{id:42, quantidade:5},{id:43, quantidade:5}]"
343,"[{id:43, quantidade:10},{id:44, quantidade:10},{id:45, quantidade:10}]"
344,"[{id:44, quantidade:5},{id:45, quantidade:5},{id:46, quantidade:5},{id:47, quantidade:5}]"
345,"[{id:45, quantidade:10},{id:46, quantidade:10},{id:47, quantidade:10},{id:48, quantidade:10},{id:49, quantidade:10}]"
346,"[{id:46, quantidade:5}]"
347,"[{id:47, quantidade:10},{id:48, quantidade:10}]"
348,"[{id:48, quantidade:5},{id:49, quantidade:5},{id:50, quantidade:5}]"
349,"[{id:49, quantidade:10},{id:50, quantidade:10},{id:51, quantidade:10},{id:52, quantidade:10}]"
350,"[{id:50, quantidade:5},{id:51, quantidade:5},{id:52, quantidade:5},{id:53, quantidade:5},{id:54, quantidade:5}]"
351,"[{id:51, quantidade:10}]"
352,"[{id:52, quantidade:5},{id:53, quantidade:5}]"
353,"[{id:53, quantidade:10},{id:54, quantidade:10},{id:55, quantidade:10}]"
354,"[{id:54, quantidade:5},{id:55, quantidade:5},{id:56, quantidade:5},{id:57, quantidade:5}]"
355,"[{id:55, quantidade:10},{id:56, quantidade:10},{id:57, quantidade:10},{id:58, quantidade:10},{id:59, quantidade:10}]"
356,"[{id:56, quantidade:5}]"
357,"[{id:57, quantidade:10},{id:58, quantidade:10}]"
358,"[{id:58, quantidade:5},{id:59, quantidade:5},{id:60, quantidade:5}]"
359,"[{id:59, quantidade:10},{id:60, quantidade:10},{id:61, quantidade:10},{id:62, quantidade:10}]"
360,"[{id:60, quantidade:5},{id:61, quantidade:5},{id:62, quantidade:5},{id:63, quantidade:5},{id:64, quantidade:5}]"
361,"[{id:61, quantidade:10}]"
362,"[{id:62, quantidade:5},{id:63, quantidade:5}]"
363,"[{id:63, quantidade:10},{id:64, quantidade:10},{id:65, quantidade:10}]"
364,"[{id:64, quantidade:5},{id:65, quantidade:5},{id:66, quantidade:5},{id:67, quantidade:5}]"
365,"[{id:65, quantidade:10},{id:66, quantidade:10},{id:67, quantidade:10},{id:68, quantidade:10},{id:69, quantidade:10}]"
366,"[{id:66, quantidade:5}]"
367,"[{id:67, quantidade:10},{id:68, quantidade:10}]"
368,"[{id:68, quantidade:5},{id:69, quantidade:5},{id:70, quantidade:5}]"
369,"[{id:69, quantidade:10},{id:70, quantidade:10},{id:71, quantidade:10},{id:72, quantidade:10}]"
370,"[{id:70, quantidade:5},{id:71, quantidade:5},{id:72, quantidade:5},{id:73, quantidade:5},{id:74, quantidade:5}]"
371,"[{id:71, quantidade:10}]"
372,"[{id:72, quantidade:5},{id:73, quantidade:5}]"
373,"[{id:73, quantidade:10},{id:74, quantidade:10},{id:75, quantidade:10}]"
374,"[{id:74, quantidade:5},{id:75, quantidade:5},{id:76, quantidade:5},{id:77, quantidade:5}]"
375,"[{id:75, quantidade:10},{id:76, quantidade:10},{id:77, quantidade:10},{id:78, quantidade:10},{id:79, quantidade:10}]"
376,"[{id:76, quantidade:5}]"
377,"[{id:77, quantidade:10},{id:78, quantidade:10}]"
378,"[{id:78, quantidade:5},{id:79, quantidade:5},{id:80, quantidade:5}]"
379,"[{id:79, quantidade:10},{id:80, quantidade:10},{id:81, quantidade:10},{id:82, quantidade:10}]"
380,"[{id:80, quantidade:5},{id:81, quantidade:5},{id:82, quantidade:5},{id:83, quantidade:5},{id:84, quantidade:5}]"
381,"[{id:81, quantidade:10}]"
382,"[{id:82, quantidade:5},{id:83, quantidade:5}]"
383,"[{id:83, quantidade:10},{id:84, quantidade:10},{id:85, quantidade:10}]"
384,"[{id:84, quantidade:5},{id:85, quantidade:5},{id:86, quantidade:5},{id:87, quantidade:5}]"
385,"[{id:85, quantidade:10},{id:86, quantidade:10},{id:87, quantidade:10},{id:88, quantidade:10},{id:89, quantidade:10}]"
386,"[{id:86, quantidade:5}]"
387,"[{id:87, quantidade:10},{id:88, quantidade:10}]"
388,"[{id:88, quantidade:5},{id:89, quantidade:5},{id:90, quantidade:5}]"
389,"[{id:89, quantidade:10},{id:90, quantidade:10},{id:91, quantidade:10},{id:92, quantidade:10}]"
390,"[{id:90, quantidade:5},{id:91, quantidade:5},{id:92, quantidade:5},{id:93, quantidade:5},{id:94, quantidade:5}]"
391,"[{id:91, quantidade:10}]"
392,"[{id:92, quantidade:5},{id:93, quantidade:5}]"
393,"[{id:93, quantidade:10},{id:94, quantidade:10},{id:95, quantidade:10}]"
394,"[{id:94, quantidade:5},{id:95, quantidade:5},{id:96, quantidade:5},{id:97, quantidade:5}]"
395,"[{id:95, quantidade:10},{id:96, quantidade:10},{id:97, quantidade:10},{id:98, quantidade:10},{id:99, quantidade:10}]"
396,"[{id:96, quantidade:5}]"
397,"[{id:97, quantidade:10},{id:98, quantidade:10}]"
398,"[{id:98, quantidade:5},{id:99, quantidade:5},{id:100, quantidade:5}]"
399,"[{id:99, quantidade:10},{id:100, quantidade:10},{id:1, quantidade:10},{id:2, quantidade:10}]"
400,"[{id:100, quantidade:5},{id:1, quantidade:5},{id:2, quantidade:5},{id:3, quantidade:5},{id:4, quantidade:5}]"
401,"[{id:1, quantidade:10}]"
402,"[{id:2, quantidade:5},{id:3, quantidade:5}]"
403,"[{id:3, quantidade:10},{id:4, quantidade:10},{id:5, quantidade:10}]"
404,"[{id:4, quantidade:5},{id:5, quantidade:5},{id:6, quantidade:5},{id:7, quantidade:5}]"
405,"[{id:5, quantidade:10},{id:6, quantidade:10},{id:7, quantidade:10},{id:8, quantidade:10},{id:9, quantidade:10}]"
406,"[{id:6, quantidade:5}]"
407,"[{id:7, quantidade:10},{id:8, quantidade:10}]"
408,"[{id:8, quantidade:5},{id:9, quantidade:5},{id:10, quantidade:5}]"
409,"[{id:9, quantidade:10},{id:10, quantidade:10},{id:11, quantidade:10},{id:12, quantidade:10}]"
410,"[{id:10, quantidade:5},{id:11, quantidade:5},{id:12, quantidade:5},{id:13, quantidade:5},{id:14, quantidade:5}]"
411,"[{id:11, quantidade:10}]"
412,"[{id:12, quantidade:5},{id:13, quantidade:5}]"
413,"[{id:13, quantidade:10},{id:14, quantidade:10},{id:15, quantidade:10}]"
414,"[{id:14, quantidade:5},{id:15, quantidade:5},{id:16, quantidade:5},{id:17, quantidade:5}]"
415,"[{id:15, quantidade:10},{id:16, quantidade:10},{id:17, quantidade:10},{id:18, quantidade:10},{id:19, quantidade:10}]"
416,"[{id:16, quantidade:5}]"
417,"[{id:17, quantidade:10},{id:18, quantidade:10}]"
418,"[{id:18, quantidade:5},{id:19, quantidade:5},{id:20, quantidade:5}]"
419,"[{id:19, quantidade:10},{id:20, quantidade:10},{id:21, quantidade:10},{id:22, quantidade:10}]"
420,"[{id:20, quantidade:5},{id:21, quantidade:5},{id:22, quantidade:5},{id:23, quantidade:5},{id:24, quantidade:5}]"
421,"[{id:21, quantidade:10}]"
422,"[{id:22, quantidade:5},{id:23, quantidade:5}]"
423,"[{id:23, quantidade:10},{id:24, quantidade:10},{id:25, quantidade:10}]"
424,"[{id:24, quantidade:5},{id:25, quantidade:5},{id:26, quantidade:5},{id:27, quantidade:5}]"
425,"[{id:25, quantidade:10},{id:26, quantidade:10},{id:27, quantidade:10},{id:28, quantidade:10},{id:29, quantidade:10}]"
426,"[{id:26, quantidade:5}]"
427,"[{id:27, quantidade:10},{id:28, quantidade:10}]"
428,"[{id:28, quantidade:5},{id:29, quantidade:5},{id:30, quantidade:5}]"
429,"[{id:29, quantidade:10},{id:30, quantidade:10},{id:31, quantidade:10},{id:32, quantidade:10}]"
430,"[{id:30, quantidade:5},{id:31, quantidade:5},{id:32, quantidade:5},{id:33, quantidade:5},{id:34, quantidade:5}]"
431,"[{id:31, quantidade:10}]"
432,"[{id:32, quantidade:5},{id:33, quantidade:5}]"
433,"[{id:33, quantidade:10},{id:34, quantidade:10},{id:35, quantidade:10}]"
434,"[{id:34, quantidade:5},{id:35, quantidade:5},{id:36, quantidade:5},{id:37, quantidade:5}]"
435,"[{id:35, quantidade:10},{id:36, quantidade:10},{id:37, quantidade:10},{id:38, quantidade:10},{id:39, quantidade:10}]"
436,"[{id:36, quantidade:5}]"
437,"[{id:37, quantidade:10},{id:38, quantidade:10}]"
438,"[{id:38, quantidade:5},{id:39, quantidade:5},{id:40, quantidade:5}]"
439,"[{id:39, quantidade:10},{id:40, quantidade:10},{id:41, quantidade:10},{id:42, quantidade:10}]"
440,"[{id:40, quantidade:5},{id:41, quantidade:5},{id:42, quantidade:5},{id:43, quantidade:5},{id:44, quantidade:5}]"
441,"[{id:41, quantidade:10}]"
442,"[{id:42, quantidade:5},{id:43, quantidade:5}]"
443,"[{id:43, quantidade:10},{id:44, quantidade:10},{id:45, quantidade:10}]"
444,"[{id:44, quantidade:5},{id:45, quantidade:5},{id:46, quantidade:5},{id:47, quantidade:5}]"
445,"[{id:45, quantidade:10},{id:46, quantidade:10},{id:47, quantidade:10},{id:48, quantidade:10},{id:49, quantidade:10}]"
446,"[{id:46, quantidade:5}]"
447,"[{id:47, quantidade:10},{id:48, quantidade:10}]"
448,"[{id:48, quantidade:5},{id:49, quantidade:5},{id:50, quantidade:5}]"
449,"[{id:49, quantidade:10},{id:50, quantidade:10},{id:51, quantidade:10},{id:52, quantidade:10}]"
450,"[{id:50, quantidade:5},{id:51, quantidade:5},{id:52, quantidade:5},{id:53, quantidade:5},{id:54, quantidade:5}]"
451,"[{id:51, quantidade:10}]"
452,"[{id:52, quantidade:5},{id:53, quantidade:5}]"
453,"[{id:53, quantidade:10},{id:54, quantidade:10},{id:55, quantidade:10}]"
454,"[{id:54, quantidade:5},{id:55, quantidade:5},{id:56, quantidade:5},{id:57, quantidade:5}]"
455,"[{id:55, quantidade:10},{id:56, quantidade:10},{id:57, quantidade:10},{id:58, quantidade:10},{id:59, quantidade:10}]"
456,"[{id:56, quantidade:5}]"
457,"[{id:57, quantidade:10},{id:58, quantidade:10}]"
458,"[{id:58, quantidade:5},{id:59, quantidade:5},{id:60, quantidade:5}]"
459,"[{id:59, quantidade:10},{id:60, quantidade:10},{id:61, quantidade:10},{id:62, quantidade:10}]"
460,"[{id:60, quantidade:5},{id:61, quantidade:5},{id:62, quantidade:5},{id:63, quantidade:5},{id:64, quantidade:5}]"
461,"[{id:61, quantidade:10}]"
462,"[{id:62, quantidade:5},{id:63, quantidade:5}]"
463,"[{id:63, quantidade:10},{id:64, quantidade:10},{id:65, quantidade:10}]"
464,"[{id:64, quantidade:5},{id:65, quantidade:5},{id:66, quantidade:5},{id:67, quantidade:5}]"
465,"[{id:65, quantidade:10},{id:66, quantidade:10},{id:67, quantidade:10},{id:68, quantidade:10},{id:69, quantidade:10}]"
466,"[{id:66, quantidade:5}]"
467,"[{id:67, quantidade:10},{id:68, quantidade:10}]"
468,"[{id:68, quantidade:5},{id:69, quantidade:5},{id:70, quantidade:5}]"
469,"[{id:69, quantidade:10},{id:70, quantidade:10},{id:71, quantidade:10},{id:72, quantidade:10}]"
470,"[{id:70, quantidade:5},{id:71, quantidade:5},{id:72, quantidade:5},{id:73, quantidade:5},{id:74, quantidade:5}]"
471,"[{id:71, quantidade:10}]"
472,"[{id:72, quantidade:5},{id:73, quantidade:5}]"
473,"[{id:73, quantidade:10},{id:74, quantidade:10},{id:75, quantidade:10}]"
474,"[{id:74, quantidade:5},{id:75, quantidade:5},{id:76, quantidade:5},{id:77, quantidade:5}]"
475,"[{id:75, quantidade:10},{id:76, quantidade:10},{id:77, quantidade:10},{id:78, quantidade:10},{id:79, quantidade:10}]"
476,"[{id:76, quantidade:5}]"
477,"[{id:77, quantidade:10},{id:78, quantidade:10}]"
478,"[{id:78, quantidade:5},{id:79, quantidade:5},{id:80, quantidade:5}]"
479,"[{id:79, quantidade:10},{id:80, quantidade:10},{id:81, quantidade:10},{id:82, quantidade:10}]"
480,"[{id:80, quantidade:5},{id:81, quantidade:5},{id:82, quantidade:5},{id:83, quantidade:5},{id:84, quantidade:5}]"
481,"[{id:81, quantidade:10}]"
482,"[{id:82, quantidade:5},{id:83, quantidade:5}]"
483,"[{id:83, quantidade:10},{id:84, quantidade:10},{id:85, quantidade:10}]"
484,"[{id:84, quantidade:5},{id:85, quantidade:5},{id:86, quantidade:5},{id:87, quantidade:5}]"
485,"[{id:85, quantidade:10},{id:86, quantidade:10},{id:87, quantidade:10},{id:88, quantidade:10},{id:89, quantidade:10}]"
486,"[{id:86, quantidade:5}]"
487,"[{id:87, quantidade:10},{id:88, quantidade:10}]"
488,"[{id:88, quantidade:5},{id:89, quantidade:5},{id:90, quantidade:5}]"
489,"[{id:89, quantidade:10},{id:90, quantidade:10},{id:91, quantidade:10},{id:92, quantidade:10}]"
490,"[{id:90, quantidade:5},{id:91, quantidade:5},{id:92, quantidade:5},{id:93, quantidade:5},{id:94, quantidade:5}]"
491,"[{id:91, quantidade:10}]"
492,"[{id:92, quantidade:5},{id:93, quantidade:5}]"
493,"[{id:93, quantidade:10},{id:94, quantidade:10},{id:95, quantidade:10}]"
494,"[{id:94, quantidade:5},{id:95, quantidade:5},{id:96, quantidade:5},{id:97, quantidade:5}]"
495,"[{id:95, quantidade:10},{id:96, quantidade:10},{id:97, quantidade:10},{id:98, quantidade:10},{id:99, quantidade:10}]"
496,"[{id:96, quantidade:5}]"
497,"[{id:97, quantidade:10},{id:98, quantidade:10}]"
498,"[{id:98, quantidade:5},{id:99, quantidade:5},{id:100, quantidade:5}]"
499,"[{id:99, quantidade:10},{id:100, quantidade:10},{id:1, quantidade:10},{id:2, quantidade:10}]"
500,"[{id:100, quantidade:5},{id:1, quantidade:5},{id:2, quantidade:5},{id:3, quantidade:5},{id:4, quantidade:5}]"
501,"[{id:1, quantidade:10}]"
502,"[{id:2, quantidade:5},{id:3, quantidade:5}]"
503,"[{id:3, quantidade:10},{id:4, quantidade:10},{id:5, quantidade:10}]"
504,"[{id:4, quantidade:5},{id:5, quantidade:5},{id:6, quantidade:5},{id:7, quantidade:5}]"
505,"[{id:5, quantidade:10},{id:6, quantidade:10},{id:7, quantidade:10},{id:8, quantidade:10},{id:9, quantidade:10}]"
506,"[{id:6, quantidade:5}]"
507,"[{id:7, quantidade:10},{id:8, quantidade:10}]"
508,"[{id:8, quantidade:5},{id:9, quantidade:5},{id:10, quantidade:5}]"
509,"[{id:9, quantidade:10},{id:10, quantidade:10},{id:11, quantidade:10},{id:12, quantidade:10}]"
510,"[{id:10, quantidade:5},{id:11, quantidade:5},{id:12, quantidade:5},{id:13, quantidade:5},{id:14, quantidade:5}]"
511,"[{id:11, quantidade:10}]"
512,"[{id:12, quantidade:5},{id:13, quantidade:5}]"
513,"[{id:13, quantidade:10},{id:14, quantidade:10},{id:15, quantidade:10}]"
514,"[{id:14, quantidade:5},{id:15, quantidade:5},{id:16, quantidade:5},{id:17, quantidade:5}]"
515,"[{id:15, quantidade:10},{id:16, quantidade:10},{id:17, quantidade:10},{id:18, quantidade:10},{id:19, quantidade:10}]"
516,"[{id:16, quantidade:5}]"
517,"[{id:17, quantidade:10},{id:18, quantidade:10}]"
518,"[{id:18, quantidade:5},{id:19, quantidade:5},{id:20, quantidade:5}]"
519,"[{id:19, quantidade:10},{id:20, quantidade:10},{id:21, quantidade:10},{id:22, quantidade:10}]"
520,"[{id:20, quantidade:5},{id:21, quantidade:5},{id:22, quantidade:5},{id:23, quantidade:5},{id:24, quantidade:5}]"
521,"[{id:21, quantidade:10}]"
522,"[{id:22, quantidade:5},{id:23, quantidade:5}]"
523,"[{id:23, quantidade:10},{id:24, quantidade:10},{id:25, quantidade:10}]"
524,"[{id:24, quantidade:5},{id:25, quantidade:5},{id:26, quantidade:5},{id:27, quantidade:5}]"
525,"[{id:25, quantidade:10},{id:26, quantidade:10},{id:27, quantidade:10},{id:28, quantidade:10},{id:29, quantidade:10}]"
526,"[{id:26, quantidade:5}]"
527,"[{id:27, quantidade:10},{id:28, quantidade:10}]"
528,"[{id:28, quantidade:5},{id:29, quantidade:5},{id:30, quantidade:5}]"
529,"[{id:29, quantidade:10},{id:30, quantidade:10},{id:31, quantidade:10},{id:32, quantidade:10}]"
530,"[{id:30, quantidade:5},{id:31, quantidade:5},{id:32, quantidade:5},{id:33, quantidade:5},{id:34, quantidade:5}]"
531,"[{id:31, quantidade:10}]"
532,"[{id:32, quantidade:5},{id:33, quantidade:5}]"
533,"[{id:33, quantidade:10},{id:34, quantidade:10},{id:35, quantidade:10}]"
534,"[{id:34, quantidade:5},{id:35, quantidade:5},{id:36, quantidade:5},{id:37, quantidade:5}]"
535,"[{id:35, quantidade:10},{id:36, quantidade:10},{id:37, quantidade:10},{id:38, quantidade:10},{id:39, quantidade:10}]"
536,"[{id:36, quantidade:5}]"
537,"[{id:37, quantidade:10},{id:38, quantidade:10}]"
538,"[{id:38, quantidade:5},{id:39, quantidade:5},{id:40, quantidade:5}]"
539,"[{id:39, quantidade:10},{id:40, quantidade:10},{id:41, quantidade:10},{id:42, quantidade:10}]"
540,"[{id:40, quantidade:5},{id:41, quantidade:5},{id:42, quantidade:5},{id:43, quantidade:5},{id:44, quantidade:5}]"
541,"[{id:41, quantidade:10}]"
542,"[{id:42, quantidade:5},{id:43, quantidade:5}]"
543,"[{id:43, quantidade:10},{id:44, quantidade:10},{id:45, quantidade:10}]"
544,"[{id:44, quantidade:5},{id:45, quantidade:5},{id:46, quantidade:5},{id:47, quantidade:5}]"
545,"[{id:45, quantidade:10},{id:46, quantidade:10},{id:47, quantidade:10},{id:48, quantidade:10},{id:49, quantidade:10}]"
546,"[{id:46, quantidade:5}]"
547,"[{id:47, quantidade:10},{id:48, quantidade:10}]"
548,"[{id:48, quantidade:5},{id:49, quantidade:5},{id:50, quantidade:5}]"
549,"[{id:49, quantidade:10},{id:50, quantidade:10},{id:51, quantidade:10},{id:52, quantidade:10}]"
550,"[{id:50, quantidade:5},{id:51, quantidade:5},{id:52, quantidade:5},{id:53, quantidade:5},{id:54, quantidade:5}]"
551,"[{id:51, quantidade:10}]"
552,"[{id:52, quantidade:5},{id:53, quantidade:5}]"
553,"[{id:53, quantidade:10},{id:54, quantidade:10},{id:55, quantidade:10}]"
554,"[{id:54, quantidade:5},{id:55, quantidade:5},{id:56, quantidade:5},{id:57, quantidade:5}]"
555,"[{id:55, quantidade:10},{id:56, quantidade:10},{id:57, quantidade:10},{id:58, quantidade:10},{id:59, quantidade:10}]"
556,"[{id:56, quantidade:5}]"
557,"[{id:57, quantidade:10},{id:58, quantidade:10}]"
558,"[{id:58, quantidade:5},{id:59, quantidade:5},{id:60, quantidade:5}]"
559,"[{id:59, quantidade:10},{id:60, quantidade:10},{id:61, quantidade:10},{id:62, quantidade:10}]"
560,"[{id:60, quantidade:5},{id:61, quantidade:5},{id:62, quantidade:5},{id:63, quantidade:5},{id:64, quantidade:5}]"
561,"[{id:61, quantidade:10}]"
562,"[{id:62, quantidade:5},{id:63, quantidade:5}]"
563,"[{id:63, quantidade:10},{id:64, quantidade:10},{id:65, quantidade:10}]"
564,"[{id:64, quantidade:5},{id:65, quantidade:5},{id:66, quantidade:5},{id:67, quantidade:5}]"
565,"[{id:65, quantidade:10},{id:66, quantidade:10},{id:67, quantidade:10},{id:68, quantidade:10},{id:69, quantidade:10}]"
566,"[{id:66, quantidade:5}]"
567,"[{id:67, quantidade:10},{id:68, quantidade:10}]"
568,"[{id:68, quantidade:5},{id:69, quantidade:5},{id:70, quantidade:5}]"
569,"[{id:69, quantidade:10},{id:70, quantidade:10},{id:71, quantidade:10},{id:72, quantidade:10}]"
570,"[{id:70, quantidade:5},{id:71, quantidade:5},{id:72, quantidade:5},{id:73, quantidade:5},{id:74, quantidade:5}]"
571,"[{id:71, quantidade:10}]"
572,"[{id:72, quantidade:5},{id:73, quantidade:5}]"
573,"[{id:73, quantidade:10},{id:74, quantidade:10},{id:75, quantidade:10}]"
574,"[{id:74, quantidade:5},{id:75, quantidade:5},{id:76, quantidade:5},{id:77, quantidade:5}]"
575,"[{id:75, quantidade:10},{id:76, quantidade:10},{id:77, quantidade:10},{id:78, quantidade:10},{id:79, quantidade:10}]"
576,"[{id:76, quantidade:5}]"
577,"[{id:77, quantidade:10},{id:78, quantidade:10}]"
578,"[{id:78, quantidade:5},{id:79, quantidade:5},{id:80, quantidade:5}]"
579,"[{id:79, quantidade:10},{id:80, quantidade:10},{id:81, quantidade:10},{id:82, quantidade:10}]"
580,"[{id:80, quantidade:5},{id:81, quantidade:5},{id:82, quantidade:5},{id:83, quantidade:5},{id:84, quantidade:5}]"
581,"[{id:81, quantidade:10}]"
582,"[{id:82, quantidade:5},{id:83, quantidade:5}]"
583,"[{id:83, quantidade:10},{id:84, quantidade:10},{id:85, quantidade:10}]"
584,"[{id:84, quantidade:5},{id:85, quantidade:5},{id:86, quantidade:5},{id:87, quantidade:5}]"
585,"[{id:85, quantidade:10},{id:86, quantidade:10},{id:87, quantidade:10},{id:88, quantidade:10},{id:89, quantidade:10}]"
586,"[{id:86, quantidade:5}]"
587,"[{id:87, quantidade:10},{id:88, quantidade:10}]"
588,"[{id:88, quantidade:5},{id:89, quantidade:5},{id:90, quantidade:5}]"
589,"[{id:89, quantidade:10},{id:90, quantidade:10},{id:91, quantidade:10},{id:92, quantidade:10}]"
590,"[{id:90, quantidade:5},{id:91, quantidade:5},{id:92, quantidade:5},{id:93, quantidade:5},{id:94, quantidade:5}]"
591,"[{id:91, quantidade:10}]"
592,"[{id:92, quantidade:5},{id:93, quantidade:5}]"
593,"[{id:93, quantidade:10},{id:94, quantidade:10},{id:95, quantidade:10}]"
594,"[{id:94, quantidade:5},{id:95, quantidade:5},{id:96, quantidade:5},{id:97, quantidade:5}]"
595,"[{id:95, quantidade:10},{id:96, quantidade:10},{id:97, quantidade:10},{id:98, quantidade:10},{id:99, quantidade:10}]"
596,"[{id:96, quantidade:5}]"
597,"[{id:97, quantidade:10},{id:98, quantidade:10}]"
598,"[{id:98, quantidade:5},{id:99, quantidade:5},{id:100, quantidade:5}]"
599,"[{id:99, quantidade:10},{id:100, quantidade:10},{id:1, quantidade:10},{id:2, quantidade:10}]"
600,"[{id:100, quantidade:5},{id:1, quantidade:5},{id:2, quantidade:5},{id:3, quantidade:5},{id:4, quantidade:5}]"
601,"[{id:1, quantidade:10}]"
602,"[{id:2, quantidade:5},{id:3, quantidade:5}]"
603,"[{id:3, quantidade:10},{id:4, quantidade:10},{id:5, quantidade:10}]"
604,"[{id:4, quantidade:5},{id:5, quantidade:5},{id:6, quantidade:5},{id:7, quantidade:5}]"
605,"[{id:5, quantidade:10},{id:6, quantidade:10},{id:7, quantidade:10},{id:8, quantidade:10},{id:9, quantidade:10}]"
606,"[{id:6, quantidade:5}]"
607,"[{id:7, quantidade:10},{id:8, quantidade:10}]"
608,"[{id:8, quantidade:5},{id:9, quantidade:5},{id:10, quantidade:5}]"
609,"[{id:9, quantidade:10},{id:10, quantidade:10},{id:11, quantidade:10},{id:12, quantidade:10}]"
610,"[{id:10, quantidade:5},{id:11, quantidade:5},{id:12, quantidade:5},{id:13, quantidade:5},{id:14, quantidade:5}]"
611,"[{id:11, quantidade:10}]"
612,"[{id:12, quantidade:5},{id:13, quantidade:5}]"
613,"[{id:13, quantidade:10},{id:14, quantidade:10},{id:15, quantidade:10}]"
614,"[{id:14, quantidade:5},{id:15, quantidade:5},{id:16, quantidade:5},{id:17, quantidade:5}]"
615,"[{id:15, quantidade:10},{id:16, quantidade:10},{id:17, quantidade:10},{id:18, quantidade:10},{id:19, quantidade:10}]"
616,"[{id:16, quantidade:5}]"
617,"[{id:17, quantidade:10},{id:18, quantidade:10}]"
618,"[{id:18, quantidade:5},{id:19, quantidade:5},{id:20, quantidade:5}]"
619,"[{id:19, quantidade:10},{id:20, quantidade:10},{id:21, quantidade:10},{id:22, quantidade:10}]"
620,"[{id:20, quantidade:5},{id:21, quantidade:5},{id:22, quantidade:5},{id:23, quantidade:5},{id:24, quantidade:5}]"
621,"[{id:21, quantidade:10}]"
622,"[{id:22, quantidade:5},{id:23, quantidade:5}]"
623,"[{id:23, quantidade:10},{id:24, quantidade:10},{id:25, quantidade:10}]"
624,"[{id:24, quantidade:5},{id:25, quantidade:5},{id:26, quantidade:5},{id:27, quantidade:5}]"
625,"[{id:25, quantidade:10},{id:26, quantidade:10},{id:27, quantidade:10},{id:28, quantidade:10},{id:29, quantidade:10}]"
626,"[{id:26, quantidade:5}]"
627,"[{id:27, quantidade:10},{id:28, quantidade:10}]"
628,"[{id:28, quantidade:5},{id:29, quantidade:5},{id:30, quantidade:5}]"
629,"[{id:29, quantidade:10},{id:30, quantidade:10},{id:31, quantidade:10},{id:32, quantidade:10}]"
630,"[{id:30, quantidade:5},{id:31, quantidade:5},{id:32, quantidade:5},{id:33, quantidade:5},{id:34, quantidade:5}]"
631,"[{id:31, quantidade:10}]"
632,"[{id:32, quantidade:5},{id:33, quantidade:5}]"
633,"[{id:33, quantidade:10},{id:34, quantidade:10},{id:35, quantidade:10}]"
634,"[{id:34, quantidade:5},{id:35, quantidade:5},{id:36, quantidade:5},{id:37, quantidade:5}]"
635,"[{id:35, quantidade:10},{id:36, quantidade:10},{id:37, quantidade:10},{id:38, quantidade:10},{id:39, quantidade:10}]"
636,"[{id:36, quantidade:5}]"
637,"[{id:37, quantidade:10},{id:38, quantidade:10}]"
638,"[{id:38, quantidade:5},{id:39, quantidade:5},{id:40, quantidade:5}]"
639,"[{id:39, quantidade:10},{id:40, quantidade:10},{id:41, quantidade:10},{id:42, quantidade:10}]"
640,"[{id:40, quantidade:5},{id:41, quantidade:5},{id:42, quantidade:5},{id:43, quantidade:5},{id:44, quantidade:5}]"
641,"[{id:41, quantidade:10}]"
642,"[{id:42, quantidade:5},{id:43, quantidade:5}]"
643,"[{id:43, quantidade:10},{id:44, quantidade:10},{id:45, quantidade:10}]"
644,"[{id:44, quantidade:5},{id:45, quantidade:5},{id:46, quantidade:5},{id:47, quantidade:5}]"
645,"[{id:45, quantidade:10},{id:46, quantidade:10},{id:47, quantidade:10},{id:48, quantidade:10},{id:49, quantidade:10}]"
646,"[{id:46, quantidade:5}]"
647,"[{id:47, quantidade:10},{id:48, quantidade:10}]"
648,"[{id:48, quantidade:5},{id:49, quantidade:5},{id:50, quantidade:5}]"
649,"[{id:49, quantidade:10},{id:50, quantidade:10},{id:51, quantidade:10},{id:52, quantidade:10}]"
650,"[{id:50, quantidade:5},{id:51, quantidade:5},{id:52, quantidade:5},{id:53, quantidade:5},{id:54, quantidade:5}]"
651,"[{id:51, quantidade:10}]"
652,"[{id:52, quantidade:5},{id:53, quantidade:5}]"
653,"[{id:53, quantidade:10},{id:54, quantidade:10},{id:55, quantidade:10}]"
654,"[{id:54, quantidade:5},{id:55, quantidade:5},{id:56, quantidade:5},{id:57, quantidade:5}]"
655,"[{id:55, quantidade:10},{id:56, quantidade:10},{id:57, quantidade:10},{id:58, quantidade:10},{id:59, quantidade:10}]"
656,"[{id:56, quantidade:5}]"
657,"[{id:57, quantidade:10},{id:58, quantidade:10}]"
658,"[{id:58, quantidade:5},{id:59, quantidade:5},{id:60, quantidade:5}]"
659,"[{id:59, quantidade:10},{id:60, quantidade:10},{id:61, quantidade:10},{id:62, quantidade:10}]"
660,"[{id:60, quantidade:5},{id:61, quantidade:5},{id:62, quantidade:5},{id:63, quantidade:5},{id:64, quantidade:5}]"
661,"[{id:61, quantidade:10}]"
662,"[{id:62, quantidade:5},{id:63, quantidade:5}]"
663,"[{id:63, quantidade:10},{id:64, quantidade:10},{id:65, quantidade:10}]"
664,"[{id:64, quantidade:5},{id:65, quantidade:5},{id:66, quantidade:5},{id:67, quantidade:5}]"
665,"[{id:65, quantidade:10},{id:66, quantidade:10},{id:67, quantidade:10},{id:68, quantidade:10},{id:69, quantidade:10}]"
666,"[{id:66, quantidade:5}]"
667,"[{id:67, quantidade:10},{id:68, quantidade:10}]"
668,"[{id:68, quantidade:5},{id:69, quantidade:5},{id:70, quantidade:5}]"
669,"[{id:69, quantidade:10},{id:70, quantidade:10},{id:71, quantidade:10},{id:72, quantidade:10}]"
670,"[{id:70, quantidade:5},{id:71, quantidade:5},{id:72, quantidade:5},{id:73, quantidade:5},{id:74, quantidade:5}]"
671,"[{id:71, quantidade:10}]"
672,"[{id:72, quantidade:5},{id:73, quantidade:5}]"
673,"[{id:73, quantidade:10},{id:74, quantidade:10},{id:75, quantidade:10}]"
674,"[{id:74, quantidade:5},{id:75, quantidade:5},{id:76, quantidade:5},{id:77, quantidade:5}]"
675,"[{id:75, quantidade:10},{id:76, quantidade:10},{id:77, quantidade:10},{id:78, quantidade:10},{id:79, quantidade:10}]"
676,"[{id:76, quantidade:5}]"
677,"[{id:77, quantidade:10},{id:78, quantidade:10}]"
678,"[{id:78, quantidade:5},{id:79, quantidade:5},{id:80, quantidade:5}]"
679,"[{id:79, quantidade:10},{id:80, quantidade:10},{id:81, quantidade:10},{id:82, quantidade:10}]"
680,"[{id:80, quantidade:5},{id:81, quantidade:5},{id:82, quantidade:5},{id:83, quantidade:5},{id:84, quantidade:5}]"
681,"[{id:81, quantidade:10}]"
682,"[{id:82, quantidade:5},{id:83, quantidade:5}]"
683,"[{id:83, quantidade:10},{id:84, quantidade:10},{id:85, quantidade:10}]"
684,"[{id:84, quantidade:5},{id:85, quantidade:5},{id:86, quantidade:5},{id:87, quantidade:5}]"
685,"[{id:85, quantidade:10},{id:86, quantidade:10},{id:87, quantidade:10},{id:88, quantidade:10},{id:89, quantidade:10}]"
686,"[{id:86, quantidade:5}]"
687,"[{id:87, quantidade:10},{id:88, quantidade:10}]"
688,"[{id:88, quantidade:5},{id:89, quantidade:5},{id:90, quantidade:5}]"
689,"[{id:89, quantidade:10},{id:90, quantidade:10},{id:91, quantidade:10},{id:92, quantidade:10}]"
690,"[{id:90, quantidade:5},{id:91, quantidade:5},{id:92, quantidade:5},{id:93, quantidade:5},{id:94, quantidade:5}]"
691,"[{id:91, quantidade:10}]"
692,"[{id:92, quantidade:5},{id:93, quantidade:5}]"
693,"[{id:93, quantidade:10},{id:94, quantidade:10},{id:95, quantidade:10}]"
694,"[{id:94, quantidade:5},{id:95, quantidade:5},{id:96, quantidade:5},{id:97, quantidade:5}]"
695,"[{id:95, quantidade:10},{id:96, quantidade:10},{id:97, quantidade:10},{id:98, quantidade:10},{id:99, quantidade:10}]"
696,"[{id:96, quantidade:5}]"
697,"[{id:97, quantidade:10},{id:98, quantidade:10}]"
698,"[{id:98, quantidade:5},{id:99, quantidade:5},{id:100, quantidade:5}]"
699,"[{id:99, quantidade:10},{id:100, quantidade:10},{id:1, quantidade:10},{id:2, quantidade:10}]"
700,"[{id:100, quantidade:5},{id:1, quantidade:5},{id:2, quantidade:5},{id:3, quantidade:5},{id:4, quantidade:5}]"
701,"[{id:1, quantidade:10}]"
702,"[{id:2, quantidade:5},{id:3, quantidade:5}]"
703,"[{id:3, quantidade:10},{id:4, quantidade:10},{id:5, quantidade:10}]"
704,"[{id:4, quantidade:5},{id:5, quantidade:5},{id:6, quantidade:5},{id:7, quantidade:5}]"
705,"[{id:5, quantidade:10},{id:6, quantidade:10},{id:7, quantidade:10},{id:8, quantidade:10},{id:9, quantidade:10}]"
706,"[{id:6, quantidade:5}]"
707,"[{id:7, quantidade:10},{id:8, quantidade:10}]"
708,"[{id:8, quantidade:5},{id:9, quantidade:5},{id:10, quantidade:5}]"
709,"[{id:9, quantidade:10},{id:10, quantidade:10},{id:11, quantidade:10},{id:12, quantidade:10}]"
710,"[{id:10, quantidade:5},{id:11, quantidade:5},{id:12, quantidade:5},{id:13, quantidade:5},{id:14, quantidade:5}]"
711,"[{id:11, quantidade:10}]"
712,"[{id:12, quantidade:5},{id:13, quantidade:5}]"
713,"[{id:13, quantidade:10},{id:14, quantidade:10},{id:15, quantidade:10}]"
714,"[{id:14, quantidade:5},{id:15, quantidade:5},{id:16, quantidade:5},{id:17, quantidade:5}]"
715,"[{id:15, quantidade:10},{id:16, quantidade:10},{id:17, quantidade:10},{id:18, quantidade:10},{id:19, quantidade:10}]"
716,"[{id:16, quantidade:5}]"
717,"[{id:17, quantidade:10},{id:18, quantidade:10}]"
718,"[{id:18, quantidade:5},{id:19, quantidade:5},{id:20, quantidade:5}]"
719,"[{id:19, quantidade:10},{id:20, quantidade:10},{id:21, quantidade:10},{id:22, quantidade:10}]"
720,"[{id:20, quantidade:5},{id:21, quantidade:5},{id:22, quantidade:5},{id:23, quantidade:5},{id:24, quantidade:5}]"
721,"[{id:21, quantidade:10}]"
722,"[{id:22, quantidade:5},{id:23, quantidade:5}]"
723,"[{id:23, quantidade:10},{id:24, quantidade:10},{id:25, quantidade:10}]"
724,"[{id:24, quantidade:5},{id:25, quantidade:5},{id:26, quantidade:5},{id:27, quantidade:5}]"
725,"[{id:25, quantidade:10},{id:26, quantidade:10},{id:27, quantidade:10},{id:28, quantidade:10},{id:29, quantidade:10}]"
726,"[{id:26, quantidade:5}]"
727,"[{id:27, quantidade:10},{id:28, quantidade:10}]"
728,"[{id:28, quantidade:5},{id:29, quantidade:5},{id:30, quantidade:5}]"
729,"[{id:29, quantidade:10},{id:30, quantidade:10},{id:31, quantidade:10},{id:32, quantidade:10}]"
730,"[{id:30, quantidade:5},{id:31, quantidade:5},{id:32, quantidade:5},{id:33, quantidade:5},{id:34, quantidade:5}]"
731,"[{id:31, quantidade:10}]"
732,"[{id:32, quantidade:5},{id:33, quantidade:5}]"
733,"[{id:33, quantidade:10},{id:34, quantidade:10},{id:35, quantidade:10}]"
734,"[{id:34, quantidade:5},{id:35, quantidade:5},{id:36, quantidade:5},{id:37, quantidade:5}]"
735,"[{id:35, quantidade:10},{id:36, quantidade:10},{id:37, quantidade:10},{id:38, quantidade:10},{id:39, quantidade:10}]"
736,"[{id:36, quantidade:5}]"
737,"[{id:37, quantidade:10},{id:38, quantidade:10}]"
738,"[{id:38, quantidade:5},{id:39, quantidade:5},{id:40, quantidade:5}]"
739,"[{id:39, quantidade:10},{id:40, quantidade:10},{id:41, quantidade:10},{id:42, quantidade:10}]"
740,"[{id:40, quantidade:5},{id:41, quantidade:5},{id:42, quantidade:5},{id:43, quantidade:5},{id:44, quantidade:5}]"
741,"[{id:41, quantidade:10}]"
742,"[{id:42, quantidade:5},{id:43, quantidade:5}]"
743,"[{id:43, quantidade:10},{id:44, quantidade:10},{id:45, quantidade:10}]"
744,"[{id:44, quantidade:5},{id:45, quantidade:5},{id:46, quantidade:5},{id:47, quantidade:5}]"
745,"[{id:45, quantidade:10},{id:46, quantidade:10},{id:47, quantidade:10},{id:48, quantidade:10},{id:49, quantidade:10}]"
746,"[{id:46, quantidade:5}]"
747,"[{id:47, quantidade:10},{id:48, quantidade:10}]"
748,"[{id:48, quantidade:5},{id:49, quantidade:5},{id:50, quantidade:5}]"
749,"[{id:49, quantidade:10},{id:50, quantidade:10},{id:51, quantidade:10},{id:52, quantidade:10}]"
750,"[{id:50, quantidade:5},{id:51, quantidade:5},{id:52, quantidade:5},{id:53, quantidade:5},{id:54, quantidade:5}]"
751,"[{id:51, quantidade:10}]"
752,"[{id:52, quantidade:5},{id:53, quantidade:5}]"
753,"[{id:53, quantidade:10},{id:54, quantidade:10},{id:55, quantidade:10}]"
754,"[{id:54, quantidade:5},{id:55, quantidade:5},{id:56, quantidade:5},{id:57, quantidade:5}]"
755,"[{id:55, quantidade:10},{id:56, quantidade:10},{id:57, quantidade:10},{id:58, quantidade:10},{id:59, quantidade:10}]"
756,"[{id:56, quantidade:5}]"
757,"[{id:57, quantidade:10},{id:58, quantidade:10}]"
758,"[{id:58, quantidade:5},{id:59, quantidade:5},{id:60, quantidade:5}]"
759,"[{id:59, quantidade:10},{id:60, quantidade:10},{id:61, quantidade:10},{id:62, quantidade:10}]"
760,"[{id:60, quantidade:5},{id:61, quantidade:5},{id:62, quantidade:5},{id:63, quantidade:5},{id:64, quantidade:5}]"
761,"[{id:61, quantidade:10}]"
762,"[{id:62, quantidade:5},{id:63, quantidade:5}]"
763,"[{id:63, quantidade:10},{id:64, quantidade:10},{id:65, quantidade:10}]"
764,"[{id:64, quantidade:5},{id:65, quantidade:5},{id:66, quantidade:5},{id:67, quantidade:5}]"
765,"[{id:65, quantidade:10},{id:66, quantidade:10},{id:67, quantidade:10},{id:68, quantidade:10},{id:69, quantidade:10}]"
766,"[{id:66, quantidade:5}]"
767,"[{id:67, quantidade:10},{id:68, quantidade:10}]"
768,"[{id:68, quantidade:5},{id:69, quantidade:5},{id:70, quantidade:5}]"
769,"[{id:69, quantidade:10},{id:70, quantidade:10},{id:71, quantidade:10},{id:72, quantidade:10}]"
770,"[{id:70, quantidade:5},{id:71, quantidade:5},{id:72, quantidade:5},{id:73, quantidade:5},{id:74, quantidade:5}]"
771,"[{id:71, quantidade:10}]"
772,"[{id:72, quantidade:5},{id:73, quantidade:5}]"
773,"[{id:73, quantidade:10},{id:74, quantidade:10},{id:75, quantidade:10}]"
774,"[{id:74, quantidade:5},{id:75, quantidade:5},{id:76, quantidade:5},{id:77, quantidade:5}]"
775,"[{id:75, quantidade:10},{id:76, quantidade:10},{id:77, quantidade:10},{id:78, quantidade:10},{id:79, quantidade:10}]"
776,"[{id:76, quantidade:5}]"
777,"[{id:77, quantidade:10},{id:78, quantidade:10}]"
778,"[{id:78, quantidade:5},{id:79, quantidade:5},{id:80, quantidade:5}]"
779,"[{id:79, quantidade:10},{id:80, quantidade:10},{id:81, quantidade:10},{id:82, quantidade:10}]"
780,"[{id:80, quantidade:5},{id:81, quantidade:5},{id:82, quantidade:5},{id:83, quantidade:5},{id:84, quantidade:5}]"
781,"[{id:81, quantidade:10}]"
782,"[{id:82, quantidade:5},{id:83, quantidade:5}]"
783,"[{id:83, quantidade:10},{id:84, quantidade:10},{id:85, quantidade:10}]"
784,"[{id:84, quantidade:5},{id:85, quantidade:5},{id:86, quantidade:5},{id:87, quantidade:5}]"
785,"[{id:85, quantidade:10},{id:86, quantidade:10},{id:87, quantidade:10},{id:88, quantidade:10},{id:89, quantidade:10}]"
786,"[{id:86, quantidade:5}]"
787,"[{id:87, quantidade:10},{id:88, quantidade:10}]"
788,"[{id:88, quantidade:5},{id:89, quantidade:5},{id:90, quantidade:5}]"
789,"[{id:89, quantidade:10},{id:90, quantidade:10},{id:91, quantidade:10},{id:92, quantidade:10}]"
790,"[{id:90, quantidade:5},{id:91, quantidade:5},{id:92, quantidade:5},{id:93, quantidade:5},{id:94, quantidade:5}]"
791,"[{id:91, quantidade:10}]"
792,"[{id:92, quantidade:5},{id:93, quantidade:5}]"
793,"[{id:93, quantidade:10},{id:94, quantidade:10},{id:95, quantidade:10}]"
794,"[{id:94, quantidade:5},{id:95, quantidade:5},{id:96, quantidade:5},{id:97, quantidade:5}]"
795,"[{id:95, quantidade:10},{id:96, quantidade:10},{id:97, quantidade:10},{id:98, quantidade:10},{id:99, quantidade:10}]"
796,"[{id:96, quantidade:5}]"
797,"[{id:97, quantidade:10},{id:98, quantidade:10}]"
798,"[{id:98, quantidade:5},{id:99, quantidade:5},{id:100, quantidade:5}]"
799,"[{id:99, quantidade:10},{id:100, quantidade:10},{id:1, quantidade:10},{id:2, quantidade:10}]"
800,"[{id:100, quantidade:5},{id:1, quantidade:5},{id:2, quantidade:5},{id:3, quantidade:5},{id:4, quantidade:5}]"
801,"[{id:1, quantidade:10}]"
802,"[{id:2, quantidade:5},{id:3, quantidade:5}]"
803,"[{id:3, quantidade:10},{id:4, quantidade:10},{id:5, quantidade:10}]"
804,"[{id:4, quantidade:5},{id:5, quantidade:5},{id:6, quantidade:5},{id:7, quantidade:5}]"
805,"[{id:5, quantidade:10},{id:6, quantidade:10},{id:7, quantidade:10},{id:8, quantidade:10},{id:9, quantidade:10}]"
806,"[{id:6, quantidade:5}]"
807,"[{id:7, quantidade:10},{id:8, quantidade:10}]"
808,"[{id:8, quantidade:5},{id:9, quantidade:5},{id:10, quantidade:5}]"
809,"[{id:9, quantidade:10},{id:10, quantidade:10},{id:11, quantidade:10},{id:12, quantidade:10}]"
810,"[{id:10, quantidade:5},{id:11, quantidade:5},{id:12, quantidade:5},{id:13, quantidade:5},{id:14, quantidade:5}]"
811,"[{id:11, quantidade:10}]"
812,"[{id:12, quantidade:5},{id:13, quantidade:5}]"
813,"[{id:13, quantidade:10},{id:14, quantidade:10},{id:15, quantidade:10}]"
814,"[{id:14, quantidade:5},{id:15, quantidade:5},{id:16, quantidade:5},{id:17, quantidade:5}]"
815,"[{id:15, quantidade:10},{id:16, quantidade:10},{id:17, quantidade:10},{id:18, quantidade:10},{id:19, quantidade:10}]"
816,"[{id:16, quantidade:5}]"
817,"[{id:17, quantidade:10},{id:18, quantidade:10}]"
818,"[{id:18, quantidade:5},{id:19, quantidade:5},{id:20, quantidade:5}]"
819,"[{id:19, quantidade:10},{id:20, quantidade:10},{id:21, quantidade:10},{id:22, quantidade:10}]"
820,"[{id:20, quantidade:5},{id:21, quantidade:5},{id:22, quantidade:5},{id:23, quantidade:5},{id:24, quantidade:5}]"
821,"[{id:21, quantidade:10}]"
822,"[{id:22, quantidade:5},{id:23, quantidade:5}]"
823,"[{id:23, quantidade:10},{id:24, quantidade:10},{id:25, quantidade:10}]"
824,"[{id:24, quantidade:5},{id:25, quantidade:5},{id:26, quantidade:5},{id:27, quantidade:5}]"
825,"[{id:25, quantidade:10},{id:26, quantidade:10},{id:27, quantidade:10},{id:28, quantidade:10},{id:29, quantidade:10}]"
826,"[{id:26, quantidade:5}]"
827,"[{id:27, quantidade:10},{id:28, quantidade:10}]"
828,"[{id:28, quantidade:5},{id:29, quantidade:5},{id:30, quantidade:5}]"
829,"[{id:29, quantidade:10},{id:30, quantidade:10},{id:31, quantidade:10},{id:32, quantidade:10}]"
830,"[{id:30, quantidade:5},{id:31, quantidade:5},{id:32, quantidade:5},{id:33, quantidade:5},{id:34, quantidade:5}]"
831,"[{id:31, quantidade:10}]"
832,"[{id:32, quantidade:5},{id:33, quantidade:5}]"
833,"[{id:33, quantidade:10},{id:34, quantidade:10},{id:35, quantidade:10}]"
834,"[{id:34, quantidade:5},{id:35, quantidade:5},{id:36, quantidade:5},{id:37, quantidade:5}]"
835,"[{id:35, quantidade:10},{id:36, quantidade:10},{id:37, quantidade:10},{id:38, quantidade:10},{id:39, quantidade:10}]"
836,"[{id:36, quantidade:5}]"
837,"[{id:37, quantidade:10},{id:38, quantidade:10}]"
838,"[{id:38, quantidade:5},{id:39, quantidade:5},{id:40, quantidade:5}]"
839,"[{id:39, quantidade:10},{id:40, quantidade:10},{id:41, quantidade:10},{id:42, quantidade:10}]"
840,"[{id:40, quantidade:5},{id:41, quantidade:5},{id:42, quantidade:5},{id:43, quantidade:5},{id:44, quantidade:5}]"
841,"[{id:41, quantidade:10}]"
842,"[{id:42, quantidade:5},{id:43, quantidade:5}]"
843,"[{id:43, quantidade:10},{id:44, quantidade:10},{id:45, quantidade:10}]"
844,"[{id:44, quantidade:5},{id:45, quantidade:5},{id:46, quantidade:5},{id:47, quantidade:5}]"
845,"[{id:45, quantidade:10},{id:46, quantidade:10},{id:47, quantidade:10},{id:48, quantidade:10},{id:49, quantidade:10}]"
846,"[{id:46, quantidade:5}]"
847,"[{id:47, quantidade:10},{id:48, quantidade:10}]"
848,"[{id:48, quantidade:5},{id:49, quantidade:5},{id:50, quantidade:5}]"
849,"[{id:49, quantidade:10},{id:50, quantidade:10},{id:51, quantidade:10},{id:52, quantidade:10}]"
850,"[{id:50, quantidade:5},{id:51, quantidade:5},{id:52, quantidade:5},{id:53, quantidade:5},{id:54, quantidade:5}]"
851,"[{id:51, quantidade:10}]"
852,"[{id:52, quantidade:5},{id:53, quantidade:5}]"
853,"[{id:53, quantidade:10},{id:54, quantidade:10},{id:55, quantidade:10}]"
854,"[{id:54, quantidade:5},{id:55, quantidade:5},{id:56, quantidade:5},{id:57, quantidade:5}]"
855,"[{id:55, quantidade:10},{id:56, quantidade:10},{id:57, quantidade:10},{id:58, quantidade:10},{id:59, quantidade:10}]"
856,"[{id:56, quantidade:5}]"
857,"[{id:57, quantidade:10},{id:58, quantidade:10}]"
858,"[{id:58, quantidade:5},{id:59, quantidade:5},{id:60, quantidade:5}]"
859,"[{id:59, quantidade:10},{id:60, quantidade:10},{id:61, quantidade:10},{id:62, quantidade:10}]"
860,"[{id:60, quantidade:5},{id:61, quantidade:5},{id:62, quantidade:5},{id:63, quantidade:5},{id:64, quantidade:5}]"
861,"[{id:61, quantidade:10}]"
862,"[{id:62, quantidade:5},{id:63, quantidade:5}]"
863,"[{id:63, quantidade:10},{id:64, quantidade:10},{id:65, quantidade:10}]"
864,"[{id:64, quantidade:5},{id:65, quantidade:5},{id:66, quantidade:5},{id:67, quantidade:5}]"
865,"[{id:65, quantidade:10},{id:66, quantidade:10},{id:67, quantidade:10},{id:68, quantidade:10},{id:69, quantidade:10}]"
866,"[{id:66, quantidade:5}]"
867,"[{id:67, quantidade:10},{id:68, quantidade:10}]"
868,"[{id:68, quantidade:5},{id:69, quantidade:5},{id:70, quantidade:5}]"
869,"[{id:69, quantidade:10},{id:70, quantidade:10},{id:71, quantidade:10},{id:72, quantidade:10}]"
870,"[{id:70, quantidade:5},{id:71, quantidade:5},{id:72, quantidade:5},{id:73, quantidade:5},{id:74, quantidade:5}]"
871,"[{id:71, quantidade:10}]"
872,"[{id:72, quantidade:5},{id:73, quantidade:5}]"
873,"[{id:73, quantidade:10},{id:74, quantidade:10},{id:75, quantidade:10}]"
874,"[{id:74, quantidade:5},{id:75, quantidade:5},{id:76, quantidade:5},{id:77, quantidade:5}]"
875,"[{id:75, quantidade:10},{id:76, quantidade:10},{id:77, quantidade:10},{id:78, quantidade:10},{id:79, quantidade:10}]"
876,"[{id:76, quantidade:5}]"
877,"[{id:77, quantidade:10},{id:78, quantidade:10}]"
878,"[{id:78, quantidade:5},{id:79, quantidade:5},{id:80, quantidade:5}]"
879,"[{id:79, quantidade:10},{id:80, quantidade:10},{id:81, quantidade:10},{id:82, quantidade:10}]"
880,"[{id:80, quantidade:5},{id:81, quantidade:5},{id:82, quantidade:5},{id:83, quantidade:5},{id:84, quantidade:5}]"
881,"[{id:81, quantidade:10}]"
882,"[{id:82, quantidade:5},{id:83, quantidade:5}]"
883,"[{id:83, quantidade:10},{id:84, quantidade:10},{id:85, quantidade:10}]"
884,"[{id:84, quantidade:5},{id:85, quantidade:5},{id:86, quantidade:5},{id:87, quantidade:5}]"
885,"[{id:85, quantidade:10},{id:86, quantidade:10},{id:87, quantidade:10},{id:88, quantidade:10},{id:89, quantidade:10}]"
886,"[{id:86, quantidade:5}]"
887,"[{id:87, quantidade:10},{id:88, quantidade:10}]"
888,"[{id:88, quantidade:5},{id:89, quantidade:5},{id:90, quantidade:5}]"
889,"[{id:89, quantidade:10},{id:90, quantidade:10},{id:91, quantidade:10},{id:92, quantidade:10}]"
890,"[{id:90, quantidade:5},{id:91, quantidade:5},{id:92, quantidade:5},{id:93, quantidade:5},{id:94, quantidade:5}]"
891,"[{id:91, quantidade:10}]"
892,"[{id:92, quantidade:5},{id:93, quantidade:5}]"
893,"[{id:93, quantidade:10},{id:94, quantidade:10},{id:95, quantidade:10}]"
894,"[{id:94, quantidade:5},{id:95, quantidade:5},{id:96, quantidade:5},{id:97, quantidade:5}]"
895,"[{id:95, quantidade:10},{id:96, quantidade:10},{id:97, quantidade:10},{id:98, quantidade:10},{id:99, quantidade:10}]"
896,"[{id:96, quantidade:5}]"
897,"[{id:97, quantidade:10},{id:98, quantidade:10}]"
898,"[{id:98, quantidade:5},{id:99, quantidade:5},{id:100, quantidade:5}]"
899,"[{id:99, quantidade:10},{id:100, quantidade:10},{id:1, quantidade:10},{id:2, quantidade:10}]"
900,"[{id:100, quantidade:5},{id:1, quantidade:5},{id:2, quantidade:5},{id:3, quantidade:5},{id:4, quantidade:5}]"
901,"[{id:1, quantidade:10}]"
902,"[{id:2, quantidade:5},{id:3, quantidade:5}]"
903,"[{id:3, quantidade:10},{id:4, quantidade:10},{id:5, quantidade:10}]"
904,"[{id:4, quantidade:5},{id:5, quantidade:5},{id:6, quantidade:5},{id:7, quantidade:5}]"
905,"[{id:5, quantidade:10},{id:6, quantidade:10},{id:7, quantidade:10},{id:8, quantidade:10},{id:9, quantidade:10}]"
906,"[{id:6, quantidade:5}]"
907,"[{id:7, quantidade:10},{id:8, quantidade:10}]"
908,"[{id:8, quantidade:5},{id:9, quantidade:5},{id:10, quantidade:5}]"
909,"[{id:9, quantidade:10},{id:10, quantidade:10},{id:11, quantidade:10},{id:12, quantidade:10}]"
910,"[{id:10, quantidade:5},{id:11, quantidade:5},{id:12, quantidade:5},{id:13, quantidade:5},{id:14, quantidade:5}]"
911,"[{id:11, quantidade:10}]"
912,"[{id:12, quantidade:5},{id:13, quantidade:5}]"
913,"[{id:13, quantidade:10},{id:14, quantidade:10},{id:15, quantidade:10}]"
914,"[{id:14, quantidade:5},{id:15, quantidade:5},{id:16, quantidade:5},{id:17, quantidade:5}]"
915,"[{id:15, quantidade:10},{id:16, quantidade:10},{id:17, quantidade:10},{id:18, quantidade:10},{id:19, quantidade:10}]"
916,"[{id:16, quantidade:5}]"
917,"[{id:17, quantidade:10},{id:18, quantidade:10}]"
918,"[{id:18, quantidade:5},{id:19, quantidade:5},{id:20, quantidade:5}]"
919,"[{id:19, quantidade:10},{id:20, quantidade:10},{id:21, quantidade:10},{id:22, quantidade:10}]"
920,"[{id:20, quantidade:5},{id:21, quantidade:5},{id:22, quantidade:5},{id:23, quantidade:5},{id:24, quantidade:5}]"
921,"[{id:21, quantidade:10}]"
922,"[{id:22, quantidade:5},{id:23, quantidade:5}]"
923,"[{id:23, quantidade:10},{id:24, quantidade:10},{id:25, quantidade:10}]"
924,"[{id:24, quantidade:5},{id:25, quantidade:5},{id:26, quantidade:5},{id:27, quantidade:5}]"
925,"[{id:25, quantidade:10},{id:26, quantidade:10},{id:27, quantidade:10},{id:28, quantidade:10},{id:29, quantidade:10}]"
926,"[{id:26, quantidade:5}]"
927,"[{id:27, quantidade:10},{id:28, quantidade:10}]"
928,"[{id:28, quantidade:5},{id:29, quantidade:5},{id:30, quantidade:5}]"
929,"[{id:29, quantidade:10},{id:30, quantidade:10},{id:31, quantidade:10},{id:32, quantidade:10}]"
930,"[{id:30, quantidade:5},{id:31, quantidade:5},{id:32, quantidade:5},{id:33, quantidade:5},{id:34, quantidade:5}]"
931,"[{id:31, quantidade:10}]"
932,"[{id:32, quantidade:5},{id:33, quantidade:5}]"
933,"[{id:33, quantidade:10},{id:34, quantidade:10},{id:35, quantidade:10}]"
934,"[{id:34, quantidade:5},{id:35, quantidade:5},{id:36, quantidade:5},{id:37, quantidade:5}]"
935,"[{id:35, quantidade:10},{id:36, quantidade:10},{id:37, quantidade:10},{id:38, quantidade:10},{id:39, quantidade:10}]"
936,"[{id:36, quantidade:5}]"
937,"[{id:37, quantidade:10},{id:38, quantidade:10}]"
938,"[{id:38, quantidade:5},{id:39, quantidade:5},{id:40, quantidade:5}]"
939,"[{id:39, quantidade:10},{id:40, quantidade:10},{id:41, quantidade:10},{id:42, quantidade:10}]"
940,"[{id:40, quantidade:5},{id:41, quantidade:5},{id:42, quantidade:5},{id:43, quantidade:5},{id:44, quantidade:5}]"
941,"[{id:41, quantidade:10}]"
942,"[{id:42, quantidade:5},{id:43, quantidade:5}]"
943,"[{id:43, quantidade:10},{id:44, quantidade:10},{id:45, quantidade:10}]"
944,"[{id:44, quantidade:5},{id:45, quantidade:5},{id:46, quantidade:5},{id:47, quantidade:5}]"
945,"[{id:45, quantidade:10},{id:46, quantidade:10},{id:47, quantidade:10},{id:48, quantidade:10},{id:49, quantidade:10}]"
946,"[{id:46, quantidade:5}]"
947,"[{id:47, quantidade:10},{id:48, quantidade:10}]"
948,"[{id:48, quantidade:5},{id:49, quantidade:5},{id:50, quantidade:5}]"
949,"[{id:49, quantidade:10},{id:50, quantidade:10},{id:51, quantidade:10},{id:52, quantidade:10}]"
950,"[{id:50, quantidade:5},{id:51, quantidade:5},{id:52, quantidade:5},{id:53, quantidade:5},{id:54, quantidade:5}]"
951,"[{id:51, quantidade:10}]"
952,"[{id:52, quantidade:5},{id:53, quantidade:5}]"
953,"[{id:53, quantidade:10},{id:54, quantidade:10},{id:55, quantidade:10}]"
954,"[{id:54, quantidade:5},{id:55, quantidade:5},{id:56, quantidade:5},{id:57, quantidade:5}]"
955,"[{id:55, quantidade:10},{id:56, quantidade:10},{id:57, quantidade:10},{id:58, quantidade:10},{id:59, quantidade:10}]"
956,"[{id:56, quantidade:5}]"
957,"[{id:57, quantidade:10},{id:58, quantidade:10}]"
958,"[{id:58, quantidade:5},{id:59, quantidade:5},{id:60, quantidade:5}]"
959,"[{id:59, quantidade:10},{id:60, quantidade:10},{id:61, quantidade:10},{id:62, quantidade:10}]"
960,"[{id:60, quantidade:5},{id:61, quantidade:5},{id:62, quantidade:5},{id:63, quantidade:5},{id:64, quantidade:5}]"
961,"[{id:61, quantidade:10}]"
962,"[{id:62, quantidade:5},{id:63, quantidade:5}]"
963,"[{id:63, quantidade:10},{id:64, quantidade:10},{id:65, quantidade:10}]"
964,"[{id:64, quantidade:5},{id:65, quantidade:5},{id:66, quantidade:5},{id:67, quantidade:5}]"
965,"[{id:65, quantidade:10},{id:66, quantidade:10},{id:67, quantidade:10},{id:68, quantidade:10},{id:69, quantidade:10}]"
966,"[{id:66, quantidade:5}]"
967,"[{id:67, quantidade:10},{id:68, quantidade:10}]"
968,"[{id:68, quantidade:5},{id:69, quantidade:5},{id:70, quantidade:5}]"
969,"[{id:69, quantidade:10},{id:70, quantidade:10},{id:71, quantidade:10},{id:72, quantidade:10}]"
970,"[{id:70, quantidade:5},{id:71, quantidade:5},{id:72, quantidade:5},{id:73, quantidade:5},{id:74, quantidade:5}]"
971,"[{id:71, quantidade:10}]"
972,"[{id:72, quantidade:5},{id:73, quantidade:5}]"
973,"[{id:73, quantidade:10},{id:74, quantidade:10},{id:75, quantidade:10}]"
974,"[{id:74, quantidade:5},{id:75, quantidade:5},{id:76, quantidade:5},{id:77, quantidade:5}]"
975,"[{id:75, quantidade:10},{id:76, quantidade:10},{id:77, quantidade:10},{id:78, quantidade:10},{id:79, quantidade:10}]"
976,"[{id:76, quantidade:5}]"
977,"[{id:77, quantidade:10},{id:78, quantidade:10}]"
978,"[{id:78, quantidade:5},{id:79, quantidade:5},{id:80, quantidade:5}]"
979,"[{id:79, quantidade:10},{id:80, quantidade:10},{id:81, quantidade:10},{id:82, quantidade:10}]"
980,"[{id:80, quantidade:5},{id:81, quantidade:5},{id:82, quantidade:5},{id:83, quantidade:5},{id:84, quantidade:5}]"
981,"[{id:81, quantidade:10}]"
982,"[{id:82, quantidade:5},{id:83, quantidade:5}]"
983,"[{id:83, quantidade:10},{id:84, quantidade:10},{id:85, quantidade:10}]"
984,"[{id:84, quantidade:5},{id:85, quantidade:5},{id:86, quantidade:5},{id:87, quantidade:5}]"
985,"[{id:85, quantidade:10},{id:86, quantidade:10},{id:87, quantidade:10},{id:88, quantidade:10},{id:89, quantidade:10}]"
986,"[{id:86, quantidade:5}]"
987,"[{id:87, quantidade:10},{id:88, quantidade:10}]"
988,"[{id:88, quantidade:5},{id:89, quantidade:5},{id:90, quantidade:5}]"
989,"[{id:89, quantidade:10},{id:90, quantidade:10},{id:91, quantidade:10},{id:92, quantidade:10}]"
990,"[{id:90, quantidade:5},{id:91, quantidade:5},{id:92, quantidade:5},{id:93, quantidade:5},{id:94, quantidade:5}]"
991,"[{id:91, quantidade:10}]"
992,"[{id:92, quantidade:5},{id:93, quantidade:5}]"
993,"[{id:93, quantidade:10},{id:94, quantidade:10},{id:95, quantidade:10}]"
994,"[{id:94, quantidade:5},{id:95, quantidade:5},{id:96, quantidade:5},{id:97, quantidade:5}]"
995,"[{id:95, quantidade:10},{id:96, quantidade:10},{id:97, quantidade:10},{id:98, quantidade:10},{id:99, quantidade:10}]"
996,"[{id:96, quantidade:5}]"
997,"[{id:97, quantidade:10},{id:98, quantidade:10}]"
998,"[{id:98, quantidade:5},{id:99, quantidade:5},{id:100, quantidade:5}]"
999,"[{id:99, quantidade:10},{id:100, quantidade:10},{id:1, quantidade:10},{id:2, quantidade:10}]"
1000,"[{id:100, quantidade:5},{id:1, quantidade:5},{id:2, quantidade:5},{id:3, quantidade:5},{id:4, quantidade:5}]"
