endpoint,idPedido
/pedido_entregue,1
/pedido_entregue,2
/pedido_entregue,3
/pedido_entregue,4
/pedido_entregue,5
/pedido_entregue,6
/pedido_entregue,7
/pedido_entregue,8
/pedido_entregue,9
/pedido_entregue,10
/pedido_entregue,11
/pedido_entregue,12
/pedido_entregue,13
/pedido_entregue,14
/pedido_entregue,15
/pedido_entregue,16
/pedido_entregue,17
/pedido_entregue,18
/pedido_entregue,19
/pedido_entregue,20
/pedido_entregue,21
/pedido_entregue,22
/pedido_entregue,23
/pedido_entregue,24
/pedido_entregue,25
/pedido_entregue,26
/pedido_entregue,27
/pedido_entregue,28
/pedido_entregue,29
/pedido_entregue,30
/pedido_entregue,31
/pedido_entregue,32
/pedido_entregue,33
/pedido_entregue,34
/pedido_entregue,35
/pedido_entregue,36
/pedido_entregue,37
/pedido_entregue,38
/pedido_entregue,39
/pedido_entregue,40
/pedido_entregue,41
/pedido_entregue,42
/pedido_entregue,43
/pedido_entregue,44
/pedido_entregue,45
/pedido_entregue,46
/pedido_entregue,47
/pedido_entregue,48
/pedido_entregue,49
/pedido_entregue,50
/pedido_entregue,51
/pedido_entregue,52
/pedido_entregue,53
/pedido_entregue,54
/pedido_entregue,55
/pedido_entregue,56
/pedido_entregue,57
/pedido_entregue,58
/pedido_entregue,59
/pedido_entregue,60
/pedido_entregue,61
/pedido_entregue,62
/pedido_entregue,63
/pedido_entregue,64
/pedido_entregue,65
/pedido_entregue,66
/pedido_entregue,67
/pedido_entregue,68
/pedido_entregue,69
/pedido_entregue,70
/pedido_entregue,71
/pedido_entregue,72
/pedido_entregue,73
/pedido_entregue,74
/pedido_entregue,75
/pedido_entregue,76
/pedido_entregue,77
/pedido_entregue,78
/pedido_entregue,79
/pedido_entregue,80
/pedido_entregue,81
/pedido_entregue,82
/pedido_entregue,83
/pedido_entregue,84
/pedido_entregue,85
/pedido_entregue,86
/pedido_entregue,87
/pedido_entregue,88
/pedido_entregue,89
/pedido_entregue,90
/pedido_entregue,91
/pedido_entregue,92
/pedido_entregue,93
/pedido_entregue,94
/pedido_entregue,95
/pedido_entregue,96
/pedido_entregue,97
/pedido_entregue,98
/pedido_entregue,99
/pedido_entregue,100
/pedido_entregue,101
/pedido_entregue,102
/pedido_entregue,103
/pedido_entregue,104
/pedido_entregue,105
/pedido_entregue,106
/pedido_entregue,107
/pedido_entregue,108
/pedido_entregue,109
/pedido_entregue,110
/pedido_entregue,111
/pedido_entregue,112
/pedido_entregue,113
/pedido_entregue,114
/pedido_entregue,115
/pedido_entregue,116
/pedido_entregue,117
/pedido_entregue,118
/pedido_entregue,119
/pedido_entregue,120
/pedido_entregue,121
/pedido_entregue,122
/pedido_entregue,123
/pedido_entregue,124
/pedido_entregue,125
/pedido_entregue,126
/pedido_entregue,127
/pedido_entregue,128
/pedido_entregue,129
/pedido_entregue,130
/pedido_entregue,131
/pedido_entregue,132
/pedido_entregue,133
/pedido_entregue,134
/pedido_entregue,135
/pedido_entregue,136
/pedido_entregue,137
/pedido_entregue,138
/pedido_entregue,139
/pedido_entregue,140
/pedido_entregue,141
/pedido_entregue,142
/pedido_entregue,143
/pedido_entregue,144
/pedido_entregue,145
/pedido_entregue,146
/pedido_entregue,147
/pedido_entregue,148
/pedido_entregue,149
/pedido_entregue,150
/pedido_entregue,151
/pedido_entregue,152
/pedido_entregue,153
/pedido_entregue,154
/pedido_entregue,155
/pedido_entregue,156
/pedido_entregue,157
/pedido_entregue,158
/pedido_entregue,159
/pedido_entregue,160
/pedido_entregue,161
/pedido_entregue,162
/pedido_entregue,163
/pedido_entregue,164
/pedido_entregue,165
/pedido_entregue,166
/pedido_entregue,167
/pedido_entregue,168
/pedido_entregue,169
/pedido_entregue,170
/pedido_entregue,171
/pedido_entregue,172
/pedido_entregue,173
/pedido_entregue,174
/pedido_entregue,175
/pedido_entregue,176
/pedido_entregue,177
/pedido_entregue,178
/pedido_entregue,179
/pedido_entregue,180
/pedido_entregue,181
/pedido_entregue,182
/pedido_entregue,183
/pedido_entregue,184
/pedido_entregue,185
/pedido_entregue,186
/pedido_entregue,187
/pedido_entregue,188
/pedido_entregue,189
/pedido_entregue,190
/pedido_entregue,191
/pedido_entregue,192
/pedido_entregue,193
/pedido_entregue,194
/pedido_entregue,195
/pedido_entregue,196
/pedido_entregue,197
/pedido_entregue,198
/pedido_entregue,199
/pedido_entregue,200
/pedido_entregue,201
/pedido_entregue,202
/pedido_entregue,203
/pedido_entregue,204
/pedido_entregue,205
/pedido_entregue,206
/pedido_entregue,207
/pedido_entregue,208
/pedido_entregue,209
/pedido_entregue,210
/pedido_entregue,211
/pedido_entregue,212
/pedido_entregue,213
/pedido_entregue,214
/pedido_entregue,215
/pedido_entregue,216
/pedido_entregue,217
/pedido_entregue,218
/pedido_entregue,219
/pedido_entregue,220
/pedido_entregue,221
/pedido_entregue,222
/pedido_entregue,223
/pedido_entregue,224
/pedido_entregue,225
/pedido_entregue,226
/pedido_entregue,227
/pedido_entregue,228
/pedido_entregue,229
/pedido_entregue,230
/pedido_entregue,231
/pedido_entregue,232
/pedido_entregue,233
/pedido_entregue,234
/pedido_entregue,235
/pedido_entregue,236
/pedido_entregue,237
/pedido_entregue,238
/pedido_entregue,239
/pedido_entregue,240
/pedido_entregue,241
/pedido_entregue,242
/pedido_entregue,243
/pedido_entregue,244
/pedido_entregue,245
/pedido_entregue,246
/pedido_entregue,247
/pedido_entregue,248
/pedido_entregue,249
/pedido_entregue,250
/pedido_entregue,251
/pedido_entregue,252
/pedido_entregue,253
/pedido_entregue,254
/pedido_entregue,255
/pedido_entregue,256
/pedido_entregue,257
/pedido_entregue,258
/pedido_entregue,259
/pedido_entregue,260
/pedido_entregue,261
/pedido_entregue,262
/pedido_entregue,263
/pedido_entregue,264
/pedido_entregue,265
/pedido_entregue,266
/pedido_entregue,267
/pedido_entregue,268
/pedido_entregue,269
/pedido_entregue,270
/pedido_entregue,271
/pedido_entregue,272
/pedido_entregue,273
/pedido_entregue,274
/pedido_entregue,275
/pedido_entregue,276
/pedido_entregue,277
/pedido_entregue,278
/pedido_entregue,279
/pedido_entregue,280
/pedido_entregue,281
/pedido_entregue,282
/pedido_entregue,283
/pedido_entregue,284
/pedido_entregue,285
/pedido_entregue,286
/pedido_entregue,287
/pedido_entregue,288
/pedido_entregue,289
/pedido_entregue,290
/pedido_entregue,291
/pedido_entregue,292
/pedido_entregue,293
/pedido_entregue,294
/pedido_entregue,295
/pedido_entregue,296
/pedido_entregue,297
/pedido_entregue,298
/pedido_entregue,299
/pedido_entregue,300
/pedido_entregue,301
/pedido_entregue,302
/pedido_entregue,303
/pedido_entregue,304
/pedido_entregue,305
/pedido_entregue,306
/pedido_entregue,307
/pedido_entregue,308
/pedido_entregue,309
/pedido_entregue,310
/pedido_entregue,311
/pedido_entregue,312
/pedido_entregue,313
/pedido_entregue,314
/pedido_entregue,315
/pedido_entregue,316
/pedido_entregue,317
/pedido_entregue,318
/pedido_entregue,319
/pedido_entregue,320
/pedido_entregue,321
/pedido_entregue,322
/pedido_entregue,323
/pedido_entregue,324
/pedido_entregue,325
/pedido_entregue,326
/pedido_entregue,327
/pedido_entregue,328
/pedido_entregue,329
/pedido_entregue,330
/pedido_entregue,331
/pedido_entregue,332
/pedido_entregue,333
/pedido_entregue,334
/pedido_entregue,335
/pedido_entregue,336
/pedido_entregue,337
/pedido_entregue,338
/pedido_entregue,339
/pedido_entregue,340
/pedido_entregue,341
/pedido_entregue,342
/pedido_entregue,343
/pedido_entregue,344
/pedido_entregue,345
/pedido_entregue,346
/pedido_entregue,347
/pedido_entregue,348
/pedido_entregue,349
/pedido_entregue,350
/pedido_entregue,351
/pedido_entregue,352
/pedido_entregue,353
/pedido_entregue,354
/pedido_entregue,355
/pedido_entregue,356
/pedido_entregue,357
/pedido_entregue,358
/pedido_entregue,359
/pedido_entregue,360
/pedido_entregue,361
/pedido_entregue,362
/pedido_entregue,363
/pedido_entregue,364
/pedido_entregue,365
/pedido_entregue,366
/pedido_entregue,367
/pedido_entregue,368
/pedido_entregue,369
/pedido_entregue,370
/pedido_entregue,371
/pedido_entregue,372
/pedido_entregue,373
/pedido_entregue,374
/pedido_entregue,375
/pedido_entregue,376
/pedido_entregue,377
/pedido_entregue,378
/pedido_entregue,379
/pedido_entregue,380
/pedido_entregue,381
/pedido_entregue,382
/pedido_entregue,383
/pedido_entregue,384
/pedido_entregue,385
/pedido_entregue,386
/pedido_entregue,387
/pedido_entregue,388
/pedido_entregue,389
/pedido_entregue,390
/pedido_entregue,391
/pedido_entregue,392
/pedido_entregue,393
/pedido_entregue,394
/pedido_entregue,395
/pedido_entregue,396
/pedido_entregue,397
/pedido_entregue,398
/pedido_entregue,399
/pedido_entregue,400
/pedido_entregue,401
/pedido_entregue,402
/pedido_entregue,403
/pedido_entregue,404
/pedido_entregue,405
/pedido_entregue,406
/pedido_entregue,407
/pedido_entregue,408
/pedido_entregue,409
/pedido_entregue,410
/pedido_entregue,411
/pedido_entregue,412
/pedido_entregue,413
/pedido_entregue,414
/pedido_entregue,415
/pedido_entregue,416
/pedido_entregue,417
/pedido_entregue,418
/pedido_entregue,419
/pedido_entregue,420
/pedido_entregue,421
/pedido_entregue,422
/pedido_entregue,423
/pedido_entregue,424
/pedido_entregue,425
/pedido_entregue,426
/pedido_entregue,427
/pedido_entregue,428
/pedido_entregue,429
/pedido_entregue,430
/pedido_entregue,431
/pedido_entregue,432
/pedido_entregue,433
/pedido_entregue,434
/pedido_entregue,435
/pedido_entregue,436
/pedido_entregue,437
/pedido_entregue,438
/pedido_entregue,439
/pedido_entregue,440
/pedido_entregue,441
/pedido_entregue,442
/pedido_entregue,443
/pedido_entregue,444
/pedido_entregue,445
/pedido_entregue,446
/pedido_entregue,447
/pedido_entregue,448
/pedido_entregue,449
/pedido_entregue,450
/pedido_entregue,451
/pedido_entregue,452
/pedido_entregue,453
/pedido_entregue,454
/pedido_entregue,455
/pedido_entregue,456
/pedido_entregue,457
/pedido_entregue,458
/pedido_entregue,459
/pedido_entregue,460
/pedido_entregue,461
/pedido_entregue,462
/pedido_entregue,463
/pedido_entregue,464
/pedido_entregue,465
/pedido_entregue,466
/pedido_entregue,467
/pedido_entregue,468
/pedido_entregue,469
/pedido_entregue,470
/pedido_entregue,471
/pedido_entregue,472
/pedido_entregue,473
/pedido_entregue,474
/pedido_entregue,475
/pedido_entregue,476
/pedido_entregue,477
/pedido_entregue,478
/pedido_entregue,479
/pedido_entregue,480
/pedido_entregue,481
/pedido_entregue,482
/pedido_entregue,483
/pedido_entregue,484
/pedido_entregue,485
/pedido_entregue,486
/pedido_entregue,487
/pedido_entregue,488
/pedido_entregue,489
/pedido_entregue,490
/pedido_entregue,491
/pedido_entregue,492
/pedido_entregue,493
/pedido_entregue,494
/pedido_entregue,495
/pedido_entregue,496
/pedido_entregue,497
/pedido_entregue,498
/pedido_entregue,499
/pedido_entregue,500
/pedido_entregue,501
/pedido_entregue,502
/pedido_entregue,503
/pedido_entregue,504
/pedido_entregue,505
/pedido_entregue,506
/pedido_entregue,507
/pedido_entregue,508
/pedido_entregue,509
/pedido_entregue,510
/pedido_entregue,511
/pedido_entregue,512
/pedido_entregue,513
/pedido_entregue,514
/pedido_entregue,515
/pedido_entregue,516
/pedido_entregue,517
/pedido_entregue,518
/pedido_entregue,519
/pedido_entregue,520
/pedido_entregue,521
/pedido_entregue,522
/pedido_entregue,523
/pedido_entregue,524
/pedido_entregue,525
/pedido_entregue,526
/pedido_entregue,527
/pedido_entregue,528
/pedido_entregue,529
/pedido_entregue,530
/pedido_entregue,531
/pedido_entregue,532
/pedido_entregue,533
/pedido_entregue,534
/pedido_entregue,535
/pedido_entregue,536
/pedido_entregue,537
/pedido_entregue,538
/pedido_entregue,539
/pedido_entregue,540
/pedido_entregue,541
/pedido_entregue,542
/pedido_entregue,543
/pedido_entregue,544
/pedido_entregue,545
/pedido_entregue,546
/pedido_entregue,547
/pedido_entregue,548
/pedido_entregue,549
/pedido_entregue,550
/pedido_entregue,551
/pedido_entregue,552
/pedido_entregue,553
/pedido_entregue,554
/pedido_entregue,555
/pedido_entregue,556
/pedido_entregue,557
/pedido_entregue,558
/pedido_entregue,559
/pedido_entregue,560
/pedido_entregue,561
/pedido_entregue,562
/pedido_entregue,563
/pedido_entregue,564
/pedido_entregue,565
/pedido_entregue,566
/pedido_entregue,567
/pedido_entregue,568
/pedido_entregue,569
/pedido_entregue,570
/pedido_entregue,571
/pedido_entregue,572
/pedido_entregue,573
/pedido_entregue,574
/pedido_entregue,575
/pedido_entregue,576
/pedido_entregue,577
/pedido_entregue,578
/pedido_entregue,579
/pedido_entregue,580
/pedido_entregue,581
/pedido_entregue,582
/pedido_entregue,583
/pedido_entregue,584
/pedido_entregue,585
/pedido_entregue,586
/pedido_entregue,587
/pedido_entregue,588
/pedido_entregue,589
/pedido_entregue,590
/pedido_entregue,591
/pedido_entregue,592
/pedido_entregue,593
/pedido_entregue,594
/pedido_entregue,595
/pedido_entregue,596
/pedido_entregue,597
/pedido_entregue,598
/pedido_entregue,599
/pedido_entregue,600
/pedido_entregue,601
/pedido_entregue,602
/pedido_entregue,603
/pedido_entregue,604
/pedido_entregue,605
/pedido_entregue,606
/pedido_entregue,607
/pedido_entregue,608
/pedido_entregue,609
/pedido_entregue,610
/pedido_entregue,611
/pedido_entregue,612
/pedido_entregue,613
/pedido_entregue,614
/pedido_entregue,615
/pedido_entregue,616
/pedido_entregue,617
/pedido_entregue,618
/pedido_entregue,619
/pedido_entregue,620
/pedido_entregue,621
/pedido_entregue,622
/pedido_entregue,623
/pedido_entregue,624
/pedido_entregue,625
/pedido_entregue,626
/pedido_entregue,627
/pedido_entregue,628
/pedido_entregue,629
/pedido_entregue,630
/pedido_entregue,631
/pedido_entregue,632
/pedido_entregue,633
/pedido_entregue,634
/pedido_entregue,635
/pedido_entregue,636
/pedido_entregue,637
/pedido_entregue,638
/pedido_entregue,639
/pedido_entregue,640
/pedido_entregue,641
/pedido_entregue,642
/pedido_entregue,643
/pedido_entregue,644
/pedido_entregue,645
/pedido_entregue,646
/pedido_entregue,647
/pedido_entregue,648
/pedido_entregue,649
/pedido_entregue,650
/pedido_entregue,651
/pedido_entregue,652
/pedido_entregue,653
/pedido_entregue,654
/pedido_entregue,655
/pedido_entregue,656
/pedido_entregue,657
/pedido_entregue,658
/pedido_entregue,659
/pedido_entregue,660
/pedido_entregue,661
/pedido_entregue,662
/pedido_entregue,663
/pedido_entregue,664
/pedido_entregue,665
/pedido_entregue,666
/pedido_entregue,667
/pedido_entregue,668
/pedido_entregue,669
/pedido_entregue,670
/pedido_entregue,671
/pedido_entregue,672
/pedido_entregue,673
/pedido_entregue,674
/pedido_entregue,675
/pedido_entregue,676
/pedido_entregue,677
/pedido_entregue,678
/pedido_entregue,679
/pedido_entregue,680
/pedido_entregue,681
/pedido_entregue,682
/pedido_entregue,683
/pedido_entregue,684
/pedido_entregue,685
/pedido_entregue,686
/pedido_entregue,687
/pedido_entregue,688
/pedido_entregue,689
/pedido_entregue,690
/pedido_entregue,691
/pedido_entregue,692
/pedido_entregue,693
/pedido_entregue,694
/pedido_entregue,695
/pedido_entregue,696
/pedido_entregue,697
/pedido_entregue,698
/pedido_entregue,699
/pedido_entregue,700
/pedido_entregue,701
/pedido_entregue,702
/pedido_entregue,703
/pedido_entregue,704
/pedido_entregue,705
/pedido_entregue,706
/pedido_entregue,707
/pedido_entregue,708
/pedido_entregue,709
/pedido_entregue,710
/pedido_entregue,711
/pedido_entregue,712
/pedido_entregue,713
/pedido_entregue,714
/pedido_entregue,715
/pedido_entregue,716
/pedido_entregue,717
/pedido_entregue,718
/pedido_entregue,719
/pedido_entregue,720
/pedido_entregue,721
/pedido_entregue,722
/pedido_entregue,723
/pedido_entregue,724
/pedido_entregue,725
/pedido_entregue,726
/pedido_entregue,727
/pedido_entregue,728
/pedido_entregue,729
/pedido_entregue,730
/pedido_entregue,731
/pedido_entregue,732
/pedido_entregue,733
/pedido_entregue,734
/pedido_entregue,735
/pedido_entregue,736
/pedido_entregue,737
/pedido_entregue,738
/pedido_entregue,739
/pedido_entregue,740
/pedido_entregue,741
/pedido_entregue,742
/pedido_entregue,743
/pedido_entregue,744
/pedido_entregue,745
/pedido_entregue,746
/pedido_entregue,747
/pedido_entregue,748
/pedido_entregue,749
/pedido_entregue,750
/pedido_entregue,751
/pedido_entregue,752
/pedido_entregue,753
/pedido_entregue,754
/pedido_entregue,755
/pedido_entregue,756
/pedido_entregue,757
/pedido_entregue,758
/pedido_entregue,759
/pedido_entregue,760
/pedido_entregue,761
/pedido_entregue,762
/pedido_entregue,763
/pedido_entregue,764
/pedido_entregue,765
/pedido_entregue,766
/pedido_entregue,767
/pedido_entregue,768
/pedido_entregue,769
/pedido_entregue,770
/pedido_entregue,771
/pedido_entregue,772
/pedido_entregue,773
/pedido_entregue,774
/pedido_entregue,775
/pedido_entregue,776
/pedido_entregue,777
/pedido_entregue,778
/pedido_entregue,779
/pedido_entregue,780
/pedido_entregue,781
/pedido_entregue,782
/pedido_entregue,783
/pedido_entregue,784
/pedido_entregue,785
/pedido_entregue,786
/pedido_entregue,787
/pedido_entregue,788
/pedido_entregue,789
/pedido_entregue,790
/pedido_entregue,791
/pedido_entregue,792
/pedido_entregue,793
/pedido_entregue,794
/pedido_entregue,795
/pedido_entregue,796
/pedido_entregue,797
/pedido_entregue,798
/pedido_entregue,799
/pedido_entregue,800
/pedido_entregue,801
/pedido_entregue,802
/pedido_entregue,803
/pedido_entregue,804
/pedido_entregue,805
/pedido_entregue,806
/pedido_entregue,807
/pedido_entregue,808
/pedido_entregue,809
/pedido_entregue,810
/pedido_entregue,811
/pedido_entregue,812
/pedido_entregue,813
/pedido_entregue,814
/pedido_entregue,815
/pedido_entregue,816
/pedido_entregue,817
/pedido_entregue,818
/pedido_entregue,819
/pedido_entregue,820
/pedido_entregue,821
/pedido_entregue,822
/pedido_entregue,823
/pedido_entregue,824
/pedido_entregue,825
/pedido_entregue,826
/pedido_entregue,827
/pedido_entregue,828
/pedido_entregue,829
/pedido_entregue,830
/pedido_entregue,831
/pedido_entregue,832
/pedido_entregue,833
/pedido_entregue,834
/pedido_entregue,835
/pedido_entregue,836
/pedido_entregue,837
/pedido_entregue,838
/pedido_entregue,839
/pedido_entregue,840
/pedido_entregue,841
/pedido_entregue,842
/pedido_entregue,843
/pedido_entregue,844
/pedido_entregue,845
/pedido_entregue,846
/pedido_entregue,847
/pedido_entregue,848
/pedido_entregue,849
/pedido_entregue,850
/pedido_entregue,851
/pedido_entregue,852
/pedido_entregue,853
/pedido_entregue,854
/pedido_entregue,855
/pedido_entregue,856
/pedido_entregue,857
/pedido_entregue,858
/pedido_entregue,859
/pedido_entregue,860
/pedido_entregue,861
/pedido_entregue,862
/pedido_entregue,863
/pedido_entregue,864
/pedido_entregue,865
/pedido_entregue,866
/pedido_entregue,867
/pedido_entregue,868
/pedido_entregue,869
/pedido_entregue,870
/pedido_entregue,871
/pedido_entregue,872
/pedido_entregue,873
/pedido_entregue,874
/pedido_entregue,875
/pedido_entregue,876
/pedido_entregue,877
/pedido_entregue,878
/pedido_entregue,879
/pedido_entregue,880
/pedido_entregue,881
/pedido_entregue,882
/pedido_entregue,883
/pedido_entregue,884
/pedido_entregue,885
/pedido_entregue,886
/pedido_entregue,887
/pedido_entregue,888
/pedido_entregue,889
/pedido_entregue,890
/pedido_entregue,891
/pedido_entregue,892
/pedido_entregue,893
/pedido_entregue,894
/pedido_entregue,895
/pedido_entregue,896
/pedido_entregue,897
/pedido_entregue,898
/pedido_entregue,899
/pedido_entregue,900
/pedido_entregue,901
/pedido_entregue,902
/pedido_entregue,903
/pedido_entregue,904
/pedido_entregue,905
/pedido_entregue,906
/pedido_entregue,907
/pedido_entregue,908
/pedido_entregue,909
/pedido_entregue,910
/pedido_entregue,911
/pedido_entregue,912
/pedido_entregue,913
/pedido_entregue,914
/pedido_entregue,915
/pedido_entregue,916
/pedido_entregue,917
/pedido_entregue,918
/pedido_entregue,919
/pedido_entregue,920
/pedido_entregue,921
/pedido_entregue,922
/pedido_entregue,923
/pedido_entregue,924
/pedido_entregue,925
/pedido_entregue,926
/pedido_entregue,927
/pedido_entregue,928
/pedido_entregue,929
/pedido_entregue,930
/pedido_entregue,931
/pedido_entregue,932
/pedido_entregue,933
/pedido_entregue,934
/pedido_entregue,935
/pedido_entregue,936
/pedido_entregue,937
/pedido_entregue,938
/pedido_entregue,939
/pedido_entregue,940
/pedido_entregue,941
/pedido_entregue,942
/pedido_entregue,943
/pedido_entregue,944
/pedido_entregue,945
/pedido_entregue,946
/pedido_entregue,947
/pedido_entregue,948
/pedido_entregue,949
/pedido_entregue,950
/pedido_entregue,951
/pedido_entregue,952
/pedido_entregue,953
/pedido_entregue,954
/pedido_entregue,955
/pedido_entregue,956
/pedido_entregue,957
/pedido_entregue,958
/pedido_entregue,959
/pedido_entregue,960
/pedido_entregue,961
/pedido_entregue,962
/pedido_entregue,963
/pedido_entregue,964
/pedido_entregue,965
/pedido_entregue,966
/pedido_entregue,967
/pedido_entregue,968
/pedido_entregue,969
/pedido_entregue,970
/pedido_entregue,971
/pedido_entregue,972
/pedido_entregue,973
/pedido_entregue,974
/pedido_entregue,975
/pedido_entregue,976
/pedido_entregue,977
/pedido_entregue,978
/pedido_entregue,979
/pedido_entregue,980
/pedido_entregue,981
/pedido_entregue,982
/pedido_entregue,983
/pedido_entregue,984
/pedido_entregue,985
/pedido_entregue,986
/pedido_entregue,987
/pedido_entregue,988
/pedido_entregue,989
/pedido_entregue,990
/pedido_entregue,991
/pedido_entregue,992
/pedido_entregue,993
/pedido_entregue,994
/pedido_entregue,995
/pedido_entregue,996
/pedido_entregue,997
/pedido_entregue,998
/pedido_entregue,999
/pedido_entregue,1000
